Plot,Accession,Genotype,AltGenotype
EL19_5098,Ames30554,W602S,W602S
EL19_5099,Ames22439,A73,A73
EL19_5101,PI186215,INBRED 2-687,INBRED 2-687
EL19_5102,PI564540,LH217,LH217
EL19_5103,Ames23389,A15,A15
EL19_5104,Ames28928,Mo28W,Mo28W
EL19_5105,PI587141,A654,A654
EL19_5106,PI565109,PHN41,PHN41
EL19_5107,PI547090,LH213,LH213
EL19_5108,Ames23405,A239,A239
EL19_5109,Ames27193,Va85,Va85
EL19_5110,PI559921,OS602,OS602
EL19_5111,PI565088,DK2MCDB,2MCDB
EL19_5112,PI686063,IDS91,IDS91
EL19_5113,PI531083,Pa891,Pa891
EL19_5114,Ames27178,NC364,NC364
EL19_5115,PI638552,DE4,DE4
EL19_5116,PI200182,NY 159 (Neveh Yaar),NY 159
EL19_5117,PI601404,LH60,LH60
EL19_5118,NSL81597,A648,A648
EL19_5119,Ames30568,W811G,W811G
EL19_5120,Ames22747,CM48,CM48
EL19_5121,Ames2337,Huanyao,Huanyao
EL19_5122,PI558529,Mo13,Mo13
EL19_5123,PI601208,DKIB014,IB014
EL19_5124,Ames26774,H14,H14
EL19_5125,PI594047,B104,B104
EL19_5126,Ames27191,U267Y,U267Y
EL19_5127,Ames23498,A674,A674
EL19_5128,PI601727,L 135,L 135
EL19_5129,Ames23435,A427,A427
EL19_5130,Ames27160,NC328,NC328
EL19_5131,NSL42873,A12,A12
EL19_5132,PI601563,DK87916W,87916W
EL19_5133,PI600791,LH38,LH38
EL19_5134,PI601564,DKHB8229,HB8229
EL19_5135,PI517971,Pa468,Pa468
EL19_5136,PI427111,Chi-tan 120,Chi-tan 120
EL19_5137,PI550473,B73,B73
EL19_5138,Ames2331,YELLOW 3-4,YELLOW 3-4
EL19_5139,Ames23463,A627,A627
EL19_5140,Ames24750,MS225,MS225
EL19_5141,Ames23393,A96,A96
EL19_5142,PI601301,DK78002A,78002A
EL19_5143,PI257513,F115,F115
EL19_5144,NSL30861,A,A
EL19_5145,PI564752,DKMM501D,MM501D
EL19_5146,Ames30566,W809G,W809G
EL19_5147,PI544065,NKBCC03,NKBCC03
EL19_5148,PI596354,N211,N211
EL19_5149,PI685986,LH143 (Maintainer),LH143 (Maintainer)
EL19_5150,PI601790,PHW03,PHW03
EL19_5151,PI535906,S 56,S 56
EL19_5152,PI557566,LH199,LH199
EL19_5153,PI601783,PHN82,PHN82
EL19_5154,PI543846,PHP76,PHP76
EL19_5155,PI578030,PHEG9,PHEG9
EL19_5156,PI559947,PHR31,PHR31
EL19_5157,Ames27079,CML 91,CML 91
EL19_5158,PI585225,LH189Ht,LH189Ht
EL19_5159,PI601726,L 127,L 127
EL19_5160,PI557563,LH198,LH198
EL19_5161,PI601004,LH132,LH132
EL19_5162,PI601159,AS6103,AS6103
EL19_5163,Ames26808,Ill.Hy,Ill.Hy
EL19_5164,Ames27131,Ky226,Ky226
EL19_5165,PI601584,OQ603,OQ603
EL19_5166,Ames10254,GE54,GE54
EL19_5167,NSL30053,W22,W22
EL19_5168,PI607521,A661,A661
EL19_5169,PI565106,PHJR5,PHJR5
EL19_5170,PI221773,A415-1-3 INBRED,A415-1-3 INBRED
EL19_5171,Ames19288,Oh43,Oh43
EL19_5172,PI601269,AS5707,AS5707
EL19_5173,PI546481,DKFBLL,FBLL
EL19_5174,Ames19314,CI 64,CI 64
EL19_5175,PI596357,N218,N218
EL19_5176,PI587149,Va26,Va26
EL19_5177,PI539926,LH192,LH192
EL19_5178,PI527700,B91,B91
EL19_5179,PI562380,LH223,LH223
EL19_5180,PI520774,NC264,NC264
EL19_5181,Ames27096,CML 322,CML 322
EL19_5182,PI539922,LH190,LH190
EL19_5183,PI538010,LH206,LH206
EL19_5184,PI340827,T141,T141
EL19_5185,PI601792,PHW43,PHW43
EL19_5186,PI559942,PHK74,PHK74
EL19_5187,PI550555,NC250,NC250
EL19_5188,PI601778,PHM10,PHM10
EL19_5189,NSL65872,L 289,L 289
EL19_5190,PI601467,PHK05,PHK05
EL19_5191,PI340819,T9,T9
EL19_5192,Ames30557,W605S,W605S
EL19_5193,PI340818,G3 T5a,T5a
EL19_5194,PI601745,4N506,4N506
EL19_5195,Ames23421,A321,A321
EL19_5196,PI601775,PHJ70,PHJ70
EL19_5197,PI601725,J8606,J8606
EL19_5198,PI303924,NO. 380,NO. 380
EL19_5199,PI607523,A663,A663
EL19_5200,PI601612,S8326,S8326
EL19_5201,PI585228,LH260,LH260
EL19_5202,Ames24710,MS67,MS67
EL19_5203,PI601565,DKIBB14,IBB14
EL19_5204,NSL22635,K41,K41
EL19_5205,Ames22757,Pa405,Pa405
EL19_5206,PI601493,LH149,LH149
EL19_5207,PI601569,PHN47,PHN47
EL19_5208,PI587131,HP301,HP301
EL19_5209,PI564749,DKAQA3,AQA3
EL19_5210,Ames30567,W810G,W810G
EL19_5211,PI550465,B68,B68
EL19_5212,PI583757,DK84QAB1,84QAB1
EL19_5213,PI558518,Mo15W,Mo15W
EL19_5214,NSL30071,W32,W32
EL19_5215,Ames27187,R4,R4
EL19_5216,PI564542,LH184,LH184
EL19_5217,PI601571,PHR32,PHR32
EL19_5218,PI543849,PHW51,PHW51
EL19_5219,PI546494,ND265,ND265
EL19_5220,Ames23450,A556,A556
EL19_5221,PI601498,PHT55,PHT55
EL19_5222,PI601321,PHJ40,PHJ40
EL19_5223,Ames22023,C68,C68
EL19_5224,PI559384,ICI 986,ICI 986
EL19_5225,PI583760,DKF274,F274
EL19_5226,PI608777,B85,B85
EL19_5227,NSL30876,R78,R78
EL19_5228,PI574390,LH218,LH218
EL19_5229,Ames26804,H121,H121
EL19_5230,Ames27112,F2834T,F2834T
EL19_5231,PI601378,LP5,LP5
EL19_5232,Ames26805,H122w,H122w
EL19_5233,Ames30573,W816G,W816G
EL19_5234,PI686062,IDS69,IDS69
EL19_5235,Ames23427,A374,A374
EL19_5236,Ames20190,CM37,CM37
EL19_5237,PI601492,793,793
EL19_5238,PI587138,A554,A554
EL19_5239,PI548808,PHW30,PHW30
EL19_5240,Ames27070,CM7,CM7
EL19_5241,PI543848,PHW06,PHW06
EL19_5242,Ames20140,Mt42,Mt42
EL19_5243,PI547087,LH181,LH181
EL19_5244,PI559917,MQ305,MQ305
EL19_5245,PI564852,B101,B101
EL19_5246,PI594091,N545,N545
EL19_5247,PI186196,INBRED 109,INBRED 109
EL19_5248,Ames27066,B164,B164
EL19_5249,PI543850,PHW86,PHW86
EL19_5250,PI340860,B-28,B-28
EL19_5251,PI559943,PHN18,PHN18
EL19_5252,PI587139,A619,A619
EL19_5253,PI587155,W182BN,W182BN
EL19_5254,PI564754,DK3IIH6,3IIH6
EL19_5255,Ames30574,W817G,W817G
EL19_5256,PI601170,LH82,LH82
EL19_5257,PI559954,PHWG5,PHWG5
EL19_5258,Ames24730,MS132,MS132
EL19_5259,PI601777,PHK35,PHK35
EL19_5260,Ames27039,CO117,CO117
EL19_5261,PI542777,HP72-11,HP72-11
EL19_5262,PI522250,ND262,ND262
EL19_5263,Ames27261,NC298,NC298
EL19_5264,Ames19284,C103,C103
EL19_5265,PI601318,PHG47,PHG47
EL19_5266,NSL32726,ND167,ND167
EL19_5267,PI601037,PHG80,PHG80
EL19_5268,PI531084,NC258,NC258
EL19_5269,Ames19319,H95,H95
EL19_5270,Ames27159,NC326,NC326
EL19_5271,Ames19000,VaW6,VaW6
EL19_5272,PI415086,4578 INBRED,4578 INBRED
EL19_5273,PI601559,2369,2369
EL19_5274,NSL65873,L317,L317
EL19_5275,Ames27083,CML 154Q,CML 154Q
EL19_5276,PI638551,DE3,DE3
EL19_5277,PI601402,LH146Ht,LH146Ht
EL19_5278,PI566939,CQ806,CQ806
EL19_5279,Ames23430,A401,A401
EL19_5280,PI559920,OQ403,OQ403
EL19_5281,PI601430,NK807,807
EL19_5282,Ames30938,Fe,Fe
EL19_5283,Ames27087,CML 220,CML 220
EL19_5284,PI601466,LH59,LH59
EL19_5285,Ames26138,CI 187-2,CI 187-2
EL19_5286,PI601270,PHG29,PHG29
EL19_5287,PI591017,KO679Y,KO679Y
EL19_5288,PI548804,PHR55,PHR55
EL19_5289,PI595366,N209,N209
EL19_5290,PI550522,T232,T232
EL19_5291,Ames30572,W815G,W815G
EL19_5292,PI558531,Mo16W,Mo16W
EL19_5293,PI539920,LH160,LH160
EL19_5294,PI560316,CS608,CS608
EL19_5295,PI565087,DK8M129,8M129
EL19_5296,Ames19328,Va22,Va22
EL19_5297,PI524969,SD44,SD44
EL19_5298,PI606330,DE2,DE2
EL19_5299,PI539924,LH202,LH202
EL19_5300,PI550454,B52,B52
EL19_5301,PI601459,DKIBC2,IBC2
EL19_5302,Ames27029,CL27,CL27
EL19_5303,PI566940,NQ402,NQ402
EL19_5304,Ames24708,MS24A,MS24A
EL19_5305,PI543840,PHJ65,PHJ65
EL19_5306,PI548839,DKMBUB,MBUB
EL19_5307,Ames24989,Va99,Va99
EL19_5308,Ames2336,52220,52220
EL19_5309,PI555650,DKLIBC 4,LIBC 4
EL19_5310,Ames27024,CL17,CL17
EL19_5311,PI601490,787,787
EL19_5312,Ames23423,A334,A334
EL19_5313,Ames26116,CI 3A,CI 3A
EL19_5314,Ames27192,Va14,Va14
EL19_5315,PI628348,PH5HK,PH5HK
EL19_5316,Ames26022,Tr,Tr
EL19_5317,PI550464,B66,B66
EL19_5318,Ames27137,N6,N6
EL19_5319,NSL30060,W23,W23
EL19_5320,PI608768,B87,B87
EL19_5321,PI602956,ND287,ND287
EL19_5322,PI550503,ND247,ND247
EL19_5323,PI543847,PHV07,PHV07
EL19_5324,PI592734,R229,R229
EL19_5325,PI595616,ZS01250,ZS01250
EL19_5326,PI565099,PHVJ4,PHVJ4
EL19_5327,PI587136,Ky228,Ky228
EL19_5328,Ames24727,MS106,MS106
EL19_5329,Ames7870,F44,F44
EL19_5330,NSL22630,K150,K150
EL19_5331,PI600956,DKMDF-13D,MDF-13D
EL19_5332,PI415081,4554 INBRED,4554 INBRED
EL19_5333,PI558523,Mo5,Mo5
EL19_5334,PI594050,N501,N501
EL19_5335,PI568159,N200,N200
EL19_5336,NSL22632,K201,K201
EL19_5337,Ames27097,CML 323,CML 323
EL19_5338,PI601320,PHG84,PHG84
EL19_5339,PI587151,Va102,Va102
EL19_5340,PI607522,A662,A662
EL19_5341,PI539925,LH191,LH191
EL19_5342,PI601403,LH156,LH156
EL19_5343,Ames19321,N28,N28
EL19_5344,PI564541,LH200,LH200
EL19_5345,PI583350,Mo45,Mo45
EL19_5346,PI566938,CQ702RC,CQ702RC
EL19_5347,NSL42875,A71,A71
EL19_5348,PI604606,N527,N527
EL19_5349,PI557569,LH216,LH216
EL19_5350,Ames27190,T234,T234
EL19_5351,PI578037,PHKM5,PHKM5
EL19_5352,PI600729,LP1 NR Ht,LP1 NR Ht
EL19_5353,PI186229,INBRED 321,INBRED 321
EL19_5354,PI558532,Mo17,Mo17
EL19_5355,PI559953,PHVA9,PHVA9
EL19_5356,PI550573,ND260,ND260
EL19_5357,PI550483,B76,B76
EL19_5358,PI608774,B75,B75
EL19_5359,PI608767,B84,B84
EL19_5360,PI601360,LH52,LH52
EL19_5361,PI577812,NK907,907
EL19_5362,PI550440,B64,B64
EL19_5363,PI601573,PHT10,PHT10
EL19_5364,PI686057,I29,I29
EL19_5365,PI520770,W552,W552
EL19_5366,PI587147,Pa91,Pa91
EL19_5367,PI601560,DK2MA22,2MA22
EL19_5368,Ames26793,H71,H71
EL19_5369,Ames27105,CO106,CO106
EL19_5370,Ames22751,H114,H114
EL19_5371,PI547086,LH128,LH128
EL19_5372,Ames27050,CO255,CO255
EL19_5373,PI564683,B98,B98
EL19_5374,PI601789,PHV37,PHV37
EL19_5375,PI565101,PHEM9,PHEM9
EL19_5376,Ames24733,MS142,MS142
EL19_5377,Ames27057,CSJ3,CSJ3
EL19_5378,NSL30066,WR3,WR3
EL19_5379,PI601458,DKIBB15,IBB15
EL19_5380,Ames27021,CH753-4,CH753-4
EL19_5381,PI587152,W64A,W64A
EL19_5382,PI550473,B73,B73
EL19_5383,PI542716,NP87,NP87
EL19_5384,PI601009,PHB47,PHB47
EL19_5385,PI601495,PHK42,PHK42
EL19_5386,PI601209,DKMBNA,MBNA
EL19_5387,Ames30571,W814G,W814G
EL19_5388,Ames27149,NC306,NC306
EL19_5389,Ames27067,C49A,C49A
EL19_5390,PI601026,F42,F42
EL19_5391,PI587128,H84,H84
EL19_5392,PI585227,LH252,LH252
EL19_5393,Ames27042,CO158,CO158
EL19_5394,NSL81599,A659,A659
EL19_5395,PI406131,A797NW,A797NW
EL19_5396,NSL30884,R134,R134
EL19_5397,PI587133,P39,P39
EL19_5398,Ames22754,K55,K55
EL19_5399,Ames27135,MEF156-55-2,MEF156-55-2
EL19_5400,Ames27118,Il14H,Il14H
EL19_5401,PI548798,PHJ89,PHJ89
EL19_5402,PI596506,OC19,OC19
EL19_5403,NSL437933,AusTRCF 306238,AusTRCF 306238
EL19_5404,PI564755,LH183,LH183
EL19_5405,PI559952,PHV53,PHV53
EL19_5406,PI601374,764,764
EL19_5407,NSL65864,B8,B8
EL19_5408,PI550571,ND259,ND259
EL19_5409,Ames26790,H52,H52
EL19_5410,Ames27121,K64,K64
EL19_5411,PI601211,DK78010,78010
EL19_5412,PI539930,RS 710,RS 710
EL19_5413,PI642029,LH299,LH299
EL19_5414,PI558520,Mo1W,Mo1W
EL19_5415,Ames26128,CI 40H,CI 40H
EL19_5416,PI565100,PHAW6,PHAW6
EL19_5417,PI533658,SD101,SD101
EL19_5418,PI550567,N193,N193
EL19_5419,Ames26806,H124w,H124w
EL19_5420,NSL22984,J47,J47
EL19_5421,PI601499,PHT77,PHT77
EL19_5422,PI601442,PHG86,PHG86
EL19_5423,PI601784,PHP55,PHP55
EL19_5424,Ames30575,W818G,W818G
EL19_5425,PI601502,W8304,W8304
EL19_5426,PI686066,Sg 18,Sg 18
EL19_5427,PI538007,LH127,LH127
EL19_5428,Ames27446,Il778d,Il778d
EL19_5429,Ames27053,CO258,CO258
EL19_5430,PI200184,NY 166 (Neveh Yaar),NY 166
EL19_5431,PI597927,B109,B109
EL19_5432,Ames27141,NC290A,NC290A
EL19_5433,PI601008,PHG35,PHG35
EL19_5434,PI601791,PHW20,PHW20
EL19_5435,PI539927,LH193,LH193
EL19_5436,PI595367,N215,N215
EL19_5437,PI548800,PHK93,PHK93
EL19_5438,PI587150,Va35,Va35
EL19_5439,Ames27155,NC318,NC318
EL19_5440,PI597925,B107,B107
EL19_5441,PI593008,Hi26,Hi26
EL19_5442,PI565112,PHW53,PHW53
EL19_5443,NSL30894,R177,R177
EL19_5444,PI583762,DKMBZA,MBZA
EL19_5445,PI601317,LH57,LH57
EL19_5446,Ames23484,A651,A651
EL19_5447,PI608766,B79,B79
EL19_5448,Ames27018,CH711-10,CH711-10
EL19_5449,PI537101,LH211,LH211
EL19_5450,PI601782,PHN73,PHN73
EL19_5451,PI559918,NQ508,NQ508
EL19_5452,PI601808,DK2FACC,2FACC
EL19_5453,PI537100,LH210,LH210
EL19_5454,NSL22628,K47,K47
EL19_5455,PI601300,DK4676A,4676A
EL19_5456,Ames23496,A672,A672
EL19_5457,Ames27151,NC310,NC310
EL19_5458,NSL30074,W182E,W182E
EL19_5459,Ames27114,H91,H91
EL19_5460,Ames12732,NC232,NC232
EL19_5461,Ames27069,CH701-30,CH701-30
EL19_5462,PI550526,H110,H110
EL19_5463,PI601417,NS701,NS701
EL19_5464,PI587142,A679,A679
EL19_5465,PI601562,DK78551S,78551S
EL19_5466,PI600751,Seagull Seventeen,Seagull Seventeen
EL19_5467,PI593010,Hi28,Hi28
EL19_5468,NSL30902,R197,R197
EL19_5469,PI583872,LH175,LH175
EL19_5470,PI583763,DKWDAD1,WDAD1
EL19_5471,PI531511,R227,R227
EL19_5472,CIze21,CI 21E,CI 21E
EL19_5473,NSL30878,R101,R101
EL19_5474,Ames27171,NC350,NC350
EL19_5475,PI559919,OQ101,OQ101
EL19_5476,Ames27180,NC368,NC368
EL19_5477,PI546484,DK6M502A,6M502A
EL19_5478,NSL30868,R30,R30
EL19_5479,PI565104,PHHB9,PHHB9
EL19_5480,PI601171,LH93,LH93
EL19_5481,PI391672,YANG,YANG
EL19_5482,PI558516,Mo7,Mo7
EL19_5483,PI576170,LH169Ht,LH169Ht
EL19_5484,Ames24748,MS223,MS223
EL19_5485,PI601785,PHP60,PHP60
EL19_5486,Ames12734,NC236,NC236
EL19_5487,PI548805,PHR58,PHR58
EL19_5488,Ames22030,Ia453,Ia453
EL19_5489,PI543841,PHK46,PHK46
EL19_5490,PI391665,YING-55,YING-55
EL19_5491,PI600954,LH119,LH119
EL19_5492,Ames22441,CH157,CH157
EL19_5493,Ames27088,CML 228,CML 228
EL19_5494,PI565108,PHMK0,PHMK0
EL19_5495,PI601440,DKMBPM,MBPM
EL19_5496,PI578032,PHEM7,PHEM7
EL19_5497,NSL28965,Oh33,Oh33
EL19_5498,NSL22983,C102,C102
EL19_5499,Ames30570,W813G,W813G
EL19_5500,PI560081,Pa778,Pa778
EL19_5501,Ames23396,A155,A155
EL19_5502,Ames27111,EP1,EP1
EL19_5503,PI600944,LH39,LH39
EL19_5504,Ames26803,H113,H113
EL19_5505,PI594049,B106,B106
EL19_5506,Ames2333,Yong 28,Yong 28
EL19_5507,NSL30869,R53,R53
EL19_5508,PI587124,CM105,CM105
EL19_5509,PI587132,Sg 1533,Sg 1533
EL19_5510,PI559916,CS405,CS405
EL19_5511,PI564753,DK3IJI1,3IJI1
EL19_5512,PI601558,11430,11430
EL19_5513,Ames30576,W819G,W819G
EL19_5514,PI531509,R225,R225
EL19_5515,PI685984,NK792,792
EL19_5516,PI550695,L 155,L 155
EL19_5517,Ames24747,MS222,MS222
EL19_5518,PI601470,PHV78,PHV78
EL19_5519,PI547088,LH208,LH208
EL19_5520,PI573098,Oh603,Oh603
EL19_5521,PI601724,E8501,E8501
EL19_5522,PI559375,LH222,LH222
EL19_5523,PI565111,PHV57,PHV57
EL19_5524,NSL65863,B7,B7
EL19_5525,NSL65874,Os420,Os420
EL19_5526,Ames27130,Ky21,Ky21
EL19_5527,PI565103,PHFA5,PHFA5
EL19_5528,PI601729,W8555,W8555
EL19_5529,PI601416,LH61,LH61
EL19_5530,PI600955,LH51,LH51
EL19_5531,PI594080,N534,N534
EL19_5532,Ames19014,Va52,Va52
EL19_5533,Ames27064,A441-5,A441-5
EL19_5534,PI198897,4F-306 108,4F-306 108
EL19_5535,PI601567,PHH93,PHH93
EL19_5536,PI547089,LH212Ht,LH212Ht
EL19_5537,NSL65865,B10,B10
EL19_5538,PI537098,LH204,LH204
EL19_5539,PI601686,WIL903,WIL903
EL19_5540,Ames24729,MS116,MS116
EL19_5541,PI601079,LH123HT,LH123HT
EL19_5542,NSL65866,B14,B14
EL19_5543,PI559951,PHTM9,PHTM9
EL19_5544,PI607512,N7A,N7A
EL19_5545,PI546482,DKFBLA,FBLA
EL19_5546,PI578215,NKNP899,NP899
EL19_5547,NSL30065,W9,W9
EL19_5548,Ames27143,NC294,NC294
EL19_5549,PI550518,T8,T8
EL19_5550,PI557556,911,911
EL19_5551,Ames27175,NC358,NC358
EL19_5552,PI601500,PHV63,PHV63
EL19_5553,Ames27119,Il 101T,Il 101T
EL19_5554,PI601497,PHN11,PHN11
EL19_5555,PI578033,PHHB4,PHHB4
EL19_5556,PI564750,DK91IFC2,91IFC2
EL19_5557,Ames19323,Oh7B,Oh7B
EL19_5558,PI555651,DK83IBI3,83IBI3
EL19_5559,PI601469,PHR25,PHR25
EL19_5560,PI555462,DKF118,F118
EL19_5561,PI548830,DK29MIBZ2,29MIBZ2
EL19_5562,PI601362,PHW17,PHW17
EL19_5563,Ames30578,W821G,W821G
EL19_5564,PI601441,DKPB80,PB80
EL19_5565,PI550556,B88,B88
EL19_5566,PI601377,NK794,794
EL19_5567,PI574394,ZS635,ZS635
EL19_5568,PI601361,PHR36,PHR36
EL19_5569,PI601786,PHR62,PHR62
EL19_5570,Ames26772,H5,H5
EL19_5571,PI601150,PHG71,PHG71
EL19_5572,Ames27170,NC348,NC348
EL19_5573,PI257506,F2,F2
EL19_5574,Ames19313,C123,C123
EL19_5575,PI391682,YE-CHI-HUNG,YE-CHI-HUNG
EL19_5576,PI508277,SD42,SD42
EL19_5577,PI548802,PHN66,PHN66
EL19_5578,Ames27147,NC302,NC302
EL19_5579,Ames27174,NC356,NC356
EL19_5580,Ames22016,C15,C15
EL19_5581,NSL30883,R113,R113
EL19_5582,PI601172,DKHBA1,HBA1
EL19_5583,CIze28,CI 28A,CI 28A
EL19_5584,Ames2328,NORTH 7,NORTH 7
EL19_5585,Ames27138,N28Ht,N28Ht
EL19_5586,PI606768,SD40,SD40
EL19_5587,PI601575,PHW52,PHW52
EL19_5588,PI564539,LH166,LH166
EL19_5589,NSL174429,INB 101LFY/LFY (A632 X M16 S5),INB 101LFY/LFY (A632 X M16 S5)
EL19_5590,Ames20116,Mo23W,Mo23W
EL19_5591,PI601191,DJ7,DJ7
EL19_5592,PI608765,B77,B77
EL19_5593,PI601376,779,779
EL19_5594,PI527699,B90,B90
EL19_5595,Ames27031,CM99,CM99
EL19_5596,Ames27082,CML 108,CML 108
EL19_5597,PI578035,PHTD5,PHTD5
EL19_5598,Ames19016,Va59,Va59
EL19_5599,PI340829,T146,T146
EL19_5600,NSL22634,K155,K155
EL19_5601,PI601322,PHZ51,PHZ51
EL19_5602,PI601561,DK6M502,6M502
EL19_5603,Ames28365,CI 91B Goodman-Buckler,CI 91B
EL19_5604,PI587146,Oh7,Oh7
EL19_5605,PI562381,LH224,LH224
EL19_5606,PI583874,LH250,LH250
EL19_5607,Ames27043,CO192,CO192
EL19_5608,PI583351,Mo46,Mo46
EL19_5609,Ames19309,A635,A635
EL19_5610,PI587129,H99,H99
EL19_5611,PI538011,LH220Ht,LH220Ht
EL19_5612,PI601438,DK78371A,78371A
EL19_5613,Ames27133,M37W,M37W
EL19_5614,PI583766,DK8F196,8F196
EL19_5615,Ames23424,A340,A340
EL19_5616,PI601788,PHT22,PHT22
EL19_5617,Ames27065,B73Htrhm,B73Htrhm
EL19_5618,PI584528,B99,B99
EL19_5619,Ames23446,A508,A508
EL19_5620,PI601658,1538,1538
EL19_5621,PI601683,CR14,CR14
EL19_5622,PI550469,B46,B46
EL19_5623,PI601457,DKIB02,IB02
EL19_5624,PI594071,N523,N523
EL19_5625,Ames29393,CML 395,CML 395
EL19_5626,PI601689,WIL500,WIL500
EL19_5627,Ames27167,NC342,NC342
EL19_5628,Ames27184,Pa762,Pa762
EL19_5629,Ames30559,W802G,W802G
EL19_5630,PI548807,PHT11,PHT11
EL19_5631,PI564682,B97,B97
EL19_5632,PI554616,DK3IBZ2,3IBZ2
EL19_5633,PI601773,PHJ31,PHJ31
EL19_5634,Ames24751,MS226,MS226
EL19_5635,Ames24585,CG10,CG10
EL19_5636,PI533659,SD102,SD102
EL19_5637,PI546483,DK6F629,6F629
EL19_5638,Ames28939,Mo44,Mo44
EL19_5639,PI587144,Mo24W,Mo24W
EL19_5640,Ames27177,NC362,NC362
EL19_5641,PI391662,KUNG-70,KUNG-70
EL19_5642,PI517974,Pa880,Pa880
EL19_5643,PI601776,PHJ75,PHJ75
EL19_5644,PI644101,LH1,LH1
EL19_5645,PI186199,INBRED 141,INBRED 141
EL19_5646,PI600981,PHG39,PHG39
EL19_5647,PI601489,NK740,740
EL19_5648,Ames27196,Yu796 NS,Yu796 NS
EL19_5649,PI562377,LH159,LH159
EL19_5650,PI559944,PHP85,PHP85
EL19_5651,PI537099,LH205,LH205
EL19_5652,Ames27052,CO257,CO257
EL19_5653,Ames27165,NC338,NC338
EL19_5654,Ames26028,CI 540,CI 540
EL19_5655,PI576172,LH186,LH186
EL19_5656,PI565110,PHRE1,PHRE1
EL19_5657,PI686067,SG 30A,SG 30A
EL19_5658,PI601006,PHG50,PHG50
EL19_5659,PI583773,OQ601,OQ601
EL19_5660,PI601230,LH150,LH150
EL19_5661,PI568158,N199,N199
EL19_5662,PI559949,PHT69,PHT69
EL19_5663,PI583755,DK6F545,6F545
EL19_5664,PI594088,N542,N542
EL19_5665,PI594048,B105,B105
EL19_5666,PI587154,W153R,W153R
EL19_5667,PI578034,PHTE4,PHTE4
EL19_5668,NSL28966,Oh40B,Oh40B
EL19_5669,PI427109,Eng-Li Chih,Eng-Li Chih
EL19_5670,PI550530,ND249,ND249
EL19_5671,PI568160,N201,N201
EL19_5672,PI550532,ND251,ND251
EL19_5673,PI596356,N217,N217
EL19_5674,Ames8399,W117HT,W117HT
EL19_5675,Ames26771,33-16,33-16
EL19_5676,PI600957,LH74,LH74
EL19_5677,PI585224,LH188,LH188
EL19_5678,PI686059,IDS28,IDS28
EL19_5679,PI539921,LH162,LH162
EL19_5680,PI559937,PHDD6,PHDD6
EL19_5681,Ames24746,MS221,MS221
EL19_5682,PI555660,LH214,LH214
EL19_5683,PI531510,R226,R226
EL19_5684,PI550463,B65,B65
EL19_5685,NSL30896,R181B,R181B
EL19_5686,PI557562,LH197,LH197
EL19_5687,Ames27051,CO256,CO256
EL19_5688,Ames23417,A305,A305
EL19_5689,NSL30064,W24,W24
EL19_5690,PI610494,NY6371,NY6371
EL19_5691,PI594086,N540,N540
EL19_5692,PI550553,ND101,ND101
EL19_5693,PI186227,INBRED 309,INBRED 309
EL19_5694,Ames23482,A649,A649
EL19_5695,Ames27183,Oh43E,Oh43E
EL19_5696,PI391678,TZU-CHIAO-HSI-WU 105,TZU-CHIAO-HSI-WU 105
EL19_5697,PI559939,PHGV6,PHGV6
EL19_5698,Ames27134,M162W,M162W
EL19_5699,NSL30872,R71,R71
EL19_5700,PI559936,PHBW8,PHBW8
EL19_5701,PI583356,AM0776,AM0776
EL19_5702,PI587140,A632,A632
EL19_5703,PI601005,PH207,PH207
EL19_5704,PI186226,INBRED 305,INBRED 305
EL19_5705,Ames23507,C42,C42
EL19_5706,PI257507,F7,F7
EL19_5707,PI559950,PHT73,PHT73
EL19_5708,PI543842,PHK56,PHK56
EL19_5709,PI601496,PHK76,PHK76
EL19_5710,PI562378,LH165,LH165
EL19_5711,PI559382,ICI 740,ICI 740
EL19_5712,Ames24713,MS72,MS72
EL19_5713,NSL32728,ND230,ND230
EL19_5714,PI564751,DK2FADB,2FADB
EL19_5715,Ames10256,GE129,GE129
EL19_5716,PI543843,PHN34,PHN34
EL19_5717,PI601405,LH85,LH85
EL19_5718,PI340830,T242,T242
EL19_5719,PI578216,NKNP901,NP901
EL19_5720,PI601610,NKH8431,H8431
EL19_5721,PI565105,PHHH9,PHHH9
EL19_5722,PI564543,LH167,LH167
EL19_5723,Ames30569,W812G,W812G
EL19_5724,PI591619,ZS1791,ZS1791
EL19_5725,PI538009,LH196,LH196
EL19_5726,PI601439,DKFBHJ,FBHJ
EL19_5727,Ames27122,K148,K148
EL19_5728,PI369446,U 123,U 123
EL19_5729,Ames27048,CO245,CO245
EL19_5730,PI564748,DKMBWZ,MBWZ
EL19_5731,Ames19330,W182B,W182B
EL19_5732,PI548801,PHM81,PHM81
EL19_5733,Ames23451,A572,A572
EL19_5734,Ames24749,MS224,MS224
EL19_5735,PI601574,PHT60,PHT60
EL19_5736,Ames2332,Bei 10 = North 10,Bei 10 = North 10
EL19_5737,PI198892,4F-234 BX 4,4F-234 BX 4
EL19_5738,NSL30867,M14,M14
EL19_5739,PI587134,IA2132,IA2132
EL19_5740,Ames30553,W601S,W601S
EL19_5741,PI583352,Mo47,Mo47
EL19_5742,PI606329,DE1,DE1
EL19_5743,Ames27117,Ia5125B,Ia5125B
EL19_5744,PI584325,L222,L222
EL19_5745,NSL81596,A258,A258
EL19_5746,PI601684,WIL900,WIL900
EL19_5747,PI531085,NC262,NC262
EL19_5748,NSL30038,K4,K4
EL19_5749,PI601316,LH54,LH54
EL19_5750,Ames26787,H49,H49
EL19_5751,PI391680,WU-TAN-TZAO,WU-TAN-TZAO
EL19_5752,PI601007,PHB09,PHB09
EL19_5753,PI548803,PHR03,PHR03
EL19_5754,PI601611,S8324,S8324
EL19_5755,PI559381,ICI 441,ICI 441
EL19_5756,Ames26604,38-11,38-11
EL19_5757,Ames24712,MS71,MS71
EL19_5758,PI603939,B42,B42
EL19_5759,Ames28937,Mo39,Mo39
EL19_5760,PI565107,PHKE6,PHKE6
EL19_5761,PI559948,PHT47,PHT47
EL19_5762,PI601728,L 139,L 139
EL19_5763,PI552815,LH215,LH215
EL19_5764,PI601774,PHJ33,PHJ33
EL19_5765,PI550566,N192,N192
EL19_5766,PI340836,CA-4,CA-4
EL19_5767,Ames26745,WXB6,WXB6
EL19_5768,PI340821,G22 T122,T122
EL19_5769,Ames27136,MoG,MoG
EL19_5770,Ames27086,CML 218,CML 218
EL19_5771,PI560317,904,904
EL19_5772,Ames23425,A344,A344
EL19_5773,PI517968,Pa392,Pa392
EL19_5774,PI601779,PHM57,PHM57
EL19_5775,Ames27166,NC340,NC340
EL19_5776,Ames27106,CO125,CO125
EL19_5777,PI594084,N538,N538
EL19_5778,PI550558,DE811,DE811
EL19_5779,Ames23449,A548,A548
EL19_5780,PI597926,B108,B108
EL19_5781,PI550467,B37,B37
EL19_5782,PI550489,ND245,ND245
EL19_5783,Ames19327,Tx303,Tx303
EL19_5784,PI537097,LH195,LH195
EL19_5785,PI257517,FC46,FC46
EL19_5786,PI559380,ICI 193,ICI 193
EL19_5787,PI547107,Lp215D,Lp215D
EL19_5788,PI587143,A682,A682
EL19_5789,PI565102,PHEW7,PHEW7
EL19_5790,PI550461,B14A,B14A
EL19_5791,Ames24734,MS153,MS153
EL19_5792,PI601685,WIL901,WIL901
EL19_5793,PI562379,LH172,LH172
EL19_5794,PI557557,912,912
EL19_5795,PI565113,PHW80,PHW80
EL19_5796,PI550472,B57,B57
EL19_5797,PI601229,PHG83,PHG83
EL19_5798,PI578029,PHBB3,PHBB3
EL19_5799,PI559383,ICI 893,ICI 893
EL19_5800,PI585226,LH231,LH231
EL19_5801,Ames12731,NC230,NC230
EL19_5802,PI587127,H105W,H105W
EL19_5803,Ames27148,NC304,NC304
EL19_5804,NSL30073,W37A,W37A
EL19_5805,PI538008,LH163,LH163
EL19_5806,PI543916,Mp339,Mp339
EL19_5807,Ames24737,MS200,MS200
EL19_5808,PI555659,LH164,LH164
EL19_5809,PI340855,B-18 INBR.FR.SUPERGOLD,B-18 INBR.FR.SUPERGOLD
EL19_5810,PI550470,B54,B54
EL19_5811,PI548799,PHJ90,PHJ90
EL19_5812,Ames23497,A673,A673
EL19_5813,Ames19308,A634,A634
EL19_5814,NSL30056,W703,W703
EL19_5815,Ames2339,Huobai,Huobai
EL19_5816,PI548806,PHR61,PHR61
EL19_5817,NSL34374,SD15,SD15
EL19_5818,Ames19293,Wf9,Wf9
EL19_5819,Ames12731,NC230,NC230
EL19_5820,PI583762,DKMBZA,MBZA
EL19_5821,PI546485,DKNL001,NL001
EL19_5822,Ames30939,A3G-3-3-1-313,A3G-3-3-1-313
EL19_5823,PI564697,ICI 581,ICI 581
EL19_5824,PI587130,4722,4722
EL19_5825,PI543845,PHP38,PHP38
EL19_5826,Ames19011,Va38,Va38
EL19_5827,Ames27158,NC324,NC324
EL19_5828,NSL32738,ND283,ND283
EL19_5829,PI601787,PHR63,PHR63
EL19_5830,PI601583,NS501,NS501
EL19_5831,Ames23503,A680,A680
EL19_5832,Ames30556,W604S,W604S
EL19_5833,PI369437,80-2,80-2
EL19_5834,PI559935,PHBA6,PHBA6
EL19_5835,Ames19002,Va17,Va17
EL19_5836,PI601080,CR1HT,CR1HT
EL19_5837,PI600959,LH145,LH145
EL19_5838,Ames30555,W603S,W603S
EL19_5839,PI576171,LH185,LH185
EL19_5840,PI600772,FR19,FR19
EL19_5841,PI559938,PHGG7,PHGG7
EL19_5842,PI543844,PHN46,PHN46
EL19_5843,PI601570,PHP02,PHP02
EL19_5844,PI558522,Mo3,Mo3
EL19_5845,Ames28930,Mo30W,Mo30W
EL19_5846,Ames27140,NC260,NC260
EL19_5847,Ames12726,NC13,NC13
EL19_5848,PI601566,DKMBST,MBST
EL19_5849,Ames24752,MS1334,MS1334
EL19_5850,PI186197,INBRED 100,INBRED 100
EL19_5851,Ames2335,YE 4,YE 4
EL19_5852,PI550490,ND246,ND246
EL19_5853,PI583767,DK8M116,8M116
EL19_5854,PI554615,DKMM402A,MM402A
EL19_5855,PI578031,PHAA0,PHAA0
EL19_5856,Ames23422,A322,A322
EL19_5857,PI559945,PHPR5,PHPR5
EL19_5858,PI539923,LH194,LH194
EL19_5859,PI583756,DK84BRQ4,84BRQ4
EL19_5860,PI601468,PHK29,PHK29
EL19_5861,PI602590,LH284,LH284
EL19_5862,PI574391,LH225,LH225
EL19_6101,PI555651,DK83IBI3,83IBI3
EL19_6102,PI186199,INBRED 141,INBRED 141
EL19_6103,PI601782,PHN73,PHN73
EL19_6104,PI550473,B73,B73
EL19_6105,PI587142,A679,A679
EL19_6106,Ames27178,NC364,NC364
EL19_6107,Ames23450,A556,A556
EL19_6108,Ames27196,Yu796 NS,Yu796 NS
EL19_6109,PI558522,Mo3,Mo3
EL19_6110,PI606329,DE1,DE1
EL19_6111,PI686067,SG 30A,SG 30A
EL19_6112,PI595367,N215,N215
EL19_6113,Ames27143,NC294,NC294
EL19_6114,PI559920,OQ403,OQ403
EL19_6115,PI583760,DKF274,F274
EL19_6116,PI601457,DKIB02,IB02
EL19_6117,PI601079,LH123HT,LH123HT
EL19_6118,PI560317,904,904
EL19_6119,PI574394,ZS635,ZS635
EL19_6120,NSL22630,K150,K150
EL19_6121,PI568159,N200,N200
EL19_6122,PI562378,LH165,LH165
EL19_6123,Ames7870,F44,F44
EL19_6124,PI558529,Mo13,Mo13
EL19_6125,Ames23421,A321,A321
EL19_6126,Ames24747,MS222,MS222
EL19_6127,PI559382,ICI 740,ICI 740
EL19_6128,PI543841,PHK46,PHK46
EL19_6129,PI601172,DKHBA1,HBA1
EL19_6130,PI600959,LH145,LH145
EL19_6131,Ames22030,Ia453,Ia453
EL19_6132,PI565101,PHEM9,PHEM9
EL19_6133,PI601208,DKIB014,IB014
EL19_6134,NSL81599,A659,A659
EL19_6135,Ames19288,Oh43,Oh43
EL19_6136,PI340829,T146,T146
EL19_6137,Ames20190,CM37,CM37
EL19_6138,PI601377,NK794,794
EL19_6139,PI607521,A661,A661
EL19_6140,NSL30066,WR3,WR3
EL19_6141,PI548800,PHK93,PHK93
EL19_6142,Ames26771,33-16,33-16
EL19_6143,PI547089,LH212Ht,LH212Ht
EL19_6144,PI601786,PHR62,PHR62
EL19_6145,PI601229,PHG83,PHG83
EL19_6146,PI601785,PHP60,PHP60
EL19_6147,PI601784,PHP55,PHP55
EL19_6148,PI594084,N538,N538
EL19_6149,Ames24752,MS1334,MS1334
EL19_6150,PI578215,NKNP899,NP899
EL19_6151,PI601318,PHG47,PHG47
EL19_6152,PI559938,PHGG7,PHGG7
EL19_6153,PI543846,PHP76,PHP76
EL19_6154,PI576170,LH169Ht,LH169Ht
EL19_6155,NSL81596,A258,A258
EL19_6156,Ames23449,A548,A548
EL19_6157,PI565102,PHEW7,PHEW7
EL19_6158,Ames27088,CML 228,CML 228
EL19_6159,PI601583,NS501,NS501
EL19_6160,PI550566,N192,N192
EL19_6161,Ames26116,CI 3A,CI 3A
EL19_6162,PI601584,OQ603,OQ603
EL19_6163,Ames27160,NC328,NC328
EL19_6164,NSL30902,R197,R197
EL19_6165,PI600955,LH51,LH51
EL19_6166,PI557569,LH216,LH216
EL19_6167,PI583352,Mo47,Mo47
EL19_6168,PI559919,OQ101,OQ101
EL19_6169,NSL42873,A12,A12
EL19_6170,Ames23435,A427,A427
EL19_6171,NSL32728,ND230,ND230
EL19_6172,Ames23424,A340,A340
EL19_6173,PI548808,PHW30,PHW30
EL19_6174,PI608766,B79,B79
EL19_6175,PI601004,LH132,LH132
EL19_6176,PI608774,B75,B75
EL19_6177,PI340860,B-28,B-28
EL19_6178,PI427109,Eng-Li Chih,Eng-Li Chih
EL19_6179,Ames22439,A73,A73
EL19_6180,Ames24733,MS142,MS142
EL19_6181,PI591017,KO679Y,KO679Y
EL19_6182,Ames24751,MS226,MS226
EL19_6183,Ames2333,Yong 28,Yong 28
EL19_6184,PI601320,PHG84,PHG84
EL19_6185,PI548807,PHT11,PHT11
EL19_6186,Ames2335,YE 4,YE 4
EL19_6187,Ames19328,Va22,Va22
EL19_6188,Ames30557,W605S,W605S
EL19_6189,PI559384,ICI 986,ICI 986
EL19_6190,PI601558,11430,11430
EL19_6191,Ames24734,MS153,MS153
EL19_6192,PI601610,NKH8431,H8431
EL19_6193,PI559383,ICI 893,ICI 893
EL19_6194,PI542777,HP72-11,HP72-11
EL19_6195,Ames19323,Oh7B,Oh7B
EL19_6196,PI601684,WIL900,WIL900
EL19_6197,Ames22441,CH157,CH157
EL19_6198,Ames28930,Mo30W,Mo30W
EL19_6199,PI583766,DK8F196,8F196
EL19_6200,PI558518,Mo15W,Mo15W
EL19_6201,Ames27117,Ia5125B,Ia5125B
EL19_6202,PI548830,DK29MIBZ2,29MIBZ2
EL19_6203,PI601430,NK807,807
EL19_6204,NSL65866,B14,B14
EL19_6205,PI594049,B106,B106
EL19_6206,PI547090,LH213,LH213
EL19_6207,PI583767,DK8M116,8M116
EL19_6208,Ames27175,NC358,NC358
EL19_6209,PI576171,LH185,LH185
EL19_6210,PI601211,DK78010,78010
EL19_6211,PI415081,4554 INBRED,4554 INBRED
EL19_6212,PI587147,Pa91,Pa91
EL19_6213,PI559954,PHWG5,PHWG5
EL19_6214,NSL30065,W9,W9
EL19_6215,PI558531,Mo16W,Mo16W
EL19_6216,PI539921,LH162,LH162
EL19_6217,PI578033,PHHB4,PHHB4
EL19_6218,NSL30064,W24,W24
EL19_6219,Ames28937,Mo39,Mo39
EL19_6220,PI548799,PHJ90,PHJ90
EL19_6221,PI198897,4F-306 108,4F-306 108
EL19_6222,PI601458,DKIBB15,IBB15
EL19_6223,PI546494,ND265,ND265
EL19_6224,PI538010,LH206,LH206
EL19_6225,PI601611,S8324,S8324
EL19_6226,PI564541,LH200,LH200
EL19_6227,PI559381,ICI 441,ICI 441
EL19_6228,PI539930,RS 710,RS 710
EL19_6229,Ames2331,YELLOW 3-4,YELLOW 3-4
EL19_6230,PI548801,PHM81,PHM81
EL19_6231,Ames27167,NC342,NC342
EL19_6232,PI601776,PHJ75,PHJ75
EL19_6233,Ames27067,C49A,C49A
EL19_6234,PI559935,PHBA6,PHBA6
EL19_6235,PI607523,A663,A663
EL19_6236,Ames27171,NC350,NC350
EL19_6237,Ames24989,Va99,Va99
EL19_6238,PI601683,CR14,CR14
EL19_6239,PI587154,W153R,W153R
EL19_6240,PI548798,PHJ89,PHJ89
EL19_6241,Ames27086,CML 218,CML 218
EL19_6242,PI548839,DKMBUB,MBUB
EL19_6243,PI587131,HP301,HP301
EL19_6244,PI527700,B91,B91
EL19_6245,PI607512,N7A,N7A
EL19_6246,Ames23446,A508,A508
EL19_6247,Ames27261,NC298,NC298
EL19_6248,PI562379,LH172,LH172
EL19_6249,Ames30554,W602S,W602S
EL19_6250,PI583756,DK84BRQ4,84BRQ4
EL19_6251,PI554615,DKMM402A,MM402A
EL19_6252,Ames27133,M37W,M37W
EL19_6253,PI340855,B-18 INBR.FR.SUPERGOLD,B-18 INBR.FR.SUPERGOLD
EL19_6254,PI547086,LH128,LH128
EL19_6255,PI559937,PHDD6,PHDD6
EL19_6256,PI601489,NK740,740
EL19_6257,PI550503,ND247,ND247
EL19_6258,Ames27029,CL27,CL27
EL19_6259,PI594091,N545,N545
EL19_6260,Ames19014,Va52,Va52
EL19_6261,Ames19002,Va17,Va17
EL19_6262,PI587143,A682,A682
EL19_6263,Ames27130,Ky21,Ky21
EL19_6264,Ames23430,A401,A401
EL19_6265,PI574391,LH225,LH225
EL19_6266,Ames27053,CO258,CO258
EL19_6267,PI601459,DKIBC2,IBC2
EL19_6268,PI543845,PHP38,PHP38
EL19_6269,Ames26808,Ill.Hy,Ill.Hy
EL19_6270,Ames27193,Va85,Va85
EL19_6271,PI340818,G3 T5a,T5a
EL19_6272,PI601564,DKHB8229,HB8229
EL19_6273,PI550558,DE811,DE811
EL19_6274,PI548803,PHR03,PHR03
EL19_6275,PI565105,PHHH9,PHHH9
EL19_6276,Ames26803,H113,H113
EL19_6277,Ames27106,CO125,CO125
EL19_6278,PI587124,CM105,CM105
EL19_6279,PI596506,OC19,OC19
EL19_6280,PI568158,N199,N199
EL19_6281,PI601191,DJ7,DJ7
EL19_6282,PI566938,CQ702RC,CQ702RC
EL19_6283,PI565104,PHHB9,PHHB9
EL19_6284,PI596357,N218,N218
EL19_6285,Ames19314,CI 64,CI 64
EL19_6286,PI601745,4N506,4N506
EL19_6287,PI592734,R229,R229
EL19_6288,PI539926,LH192,LH192
EL19_6289,PI186227,INBRED 309,INBRED 309
EL19_6290,PI186215,INBRED 2-687,INBRED 2-687
EL19_6291,PI557566,LH199,LH199
EL19_6292,PI369437,80-2,80-2
EL19_6293,PI557557,912,912
EL19_6294,PI587151,Va102,Va102
EL19_6295,PI559916,CS405,CS405
EL19_6296,NSL22628,K47,K47
EL19_6297,PI565111,PHV57,PHV57
EL19_6298,PI555462,DKF118,F118
EL19_6299,PI601301,DK78002A,78002A
EL19_6300,Ames19319,H95,H95
EL19_6301,PI608768,B87,B87
EL19_6302,Ames30570,W813G,W813G
EL19_6303,PI587144,Mo24W,Mo24W
EL19_6304,Ames19011,Va38,Va38
EL19_6305,Ames30567,W810G,W810G
EL19_6306,PI564682,B97,B97
EL19_6307,PI601726,L 127,L 127
EL19_6308,NSL30060,W23,W23
EL19_6309,Ames19000,VaW6,VaW6
EL19_6310,Ames27166,NC340,NC340
EL19_6311,PI601440,DKMBPM,MBPM
EL19_6312,Ames27118,Il14H,Il14H
EL19_6313,Ames30553,W601S,W601S
EL19_6314,PI522250,ND262,ND262
EL19_6315,PI601559,2369,2369
EL19_6316,Ames19284,C103,C103
EL19_6317,PI587141,A654,A654
EL19_6318,PI543840,PHJ65,PHJ65
EL19_6319,PI548806,PHR61,PHR61
EL19_6320,Ames27177,NC362,NC362
EL19_6321,PI565088,DK2MCDB,2MCDB
EL19_6322,PI601500,PHV63,PHV63
EL19_6323,PI602956,ND287,ND287
EL19_6324,Ames19321,N28,N28
EL19_6325,NSL30883,R113,R113
EL19_6326,PI601470,PHV78,PHV78
EL19_6327,PI517971,Pa468,Pa468
EL19_6328,Ames19293,Wf9,Wf9
EL19_6329,PI583755,DK6F545,6F545
EL19_6330,Ames27137,N6,N6
EL19_6331,PI564752,DKMM501D,MM501D
EL19_6332,PI340836,CA-4,CA-4
EL19_6333,PI601561,DK6M502,6M502
EL19_6334,PI391680,WU-TAN-TZAO,WU-TAN-TZAO
EL19_6335,PI601773,PHJ31,PHJ31
EL19_6336,Ames27170,NC348,NC348
EL19_6337,Ames24712,MS71,MS71
EL19_6338,PI585224,LH188,LH188
EL19_6339,PI601658,1538,1538
EL19_6340,Ames27159,NC326,NC326
EL19_6341,Ames27066,B164,B164
EL19_6342,Ames27050,CO255,CO255
EL19_6343,PI531084,NC258,NC258
EL19_6344,PI601563,DK87916W,87916W
EL19_6345,Ames23425,A344,A344
EL19_6346,Ames30555,W603S,W603S
EL19_6347,PI565109,PHN41,PHN41
EL19_6348,PI597927,B109,B109
EL19_6349,PI686057,I29,I29
EL19_6350,PI427111,Chi-tan 120,Chi-tan 120
EL19_6351,PI602590,LH284,LH284
EL19_6352,PI601468,PHK29,PHK29
EL19_6353,PI600957,LH74,LH74
EL19_6354,PI257517,FC46,FC46
EL19_6355,PI606768,SD40,SD40
EL19_6356,Ames23496,A672,A672
EL19_6357,PI564697,ICI 581,ICI 581
EL19_6358,Ames23427,A374,A374
EL19_6359,PI601502,W8304,W8304
EL19_6360,PI542716,NP87,NP87
EL19_6361,PI583351,Mo46,Mo46
EL19_6362,PI543848,PHW06,PHW06
EL19_6363,Ames27052,CO257,CO257
EL19_6364,PI564542,LH184,LH184
EL19_6365,Ames24750,MS225,MS225
EL19_6366,PI601150,PHG71,PHG71
EL19_6367,PI550573,ND260,ND260
EL19_6368,PI601317,LH57,LH57
EL19_6369,CIze28,CI 28A,CI 28A
EL19_6370,PI596356,N217,N217
EL19_6371,PI604606,N527,N527
EL19_6372,PI558520,Mo1W,Mo1W
EL19_6373,PI186226,INBRED 305,INBRED 305
EL19_6374,PI340827,T141,T141
EL19_6375,PI583356,AM0776,AM0776
EL19_6376,PI638552,DE4,DE4
EL19_6377,PI548802,PHN66,PHN66
EL19_6378,Ames27180,NC368,NC368
EL19_6379,Ames23396,A155,A155
EL19_6380,PI607522,A662,A662
EL19_6381,Ames24729,MS116,MS116
EL19_6382,PI564749,DKAQA3,AQA3
EL19_6383,PI537099,LH205,LH205
EL19_6384,PI200182,NY 159 (Neveh Yaar),NY 159
EL19_6385,PI550518,T8,T8
EL19_6386,PI550555,NC250,NC250
EL19_6387,Ames27155,NC318,NC318
EL19_6388,Ames23393,A96,A96
EL19_6389,PI550473,B73,B73
EL19_6390,PI564539,LH166,LH166
EL19_6391,PI601405,LH85,LH85
EL19_6392,PI539927,LH193,LH193
EL19_6393,PI558532,Mo17,Mo17
EL19_6394,PI601378,LP5,LP5
EL19_6395,NSL81597,A648,A648
EL19_6396,NSL30884,R134,R134
EL19_6397,PI565103,PHFA5,PHFA5
EL19_6398,PI559921,OS602,OS602
EL19_6399,PI628348,PH5HK,PH5HK
EL19_6400,PI601612,S8326,S8326
EL19_6401,Ames27165,NC338,NC338
EL19_6402,Ames27148,NC304,NC304
EL19_6403,PI550522,T232,T232
EL19_6404,PI601316,LH54,LH54
EL19_6405,PI562381,LH224,LH224
EL19_6406,PI550553,ND101,ND101
EL19_6407,PI608765,B77,B77
EL19_6408,Ames27114,H91,H91
EL19_6409,NSL437933,AusTRCF 306238,AusTRCF 306238
EL19_6410,PI583763,DKWDAD1,WDAD1
EL19_6411,PI597926,B108,B108
EL19_6412,PI587136,Ky228,Ky228
EL19_6413,Ames30571,W814G,W814G
EL19_6414,Ames19308,A634,A634
EL19_6415,PI257506,F2,F2
EL19_6416,PI391678,TZU-CHIAO-HSI-WU 105,TZU-CHIAO-HSI-WU 105
EL19_6417,PI603939,B42,B42
EL19_6418,PI555650,DKLIBC 4,LIBC 4
EL19_6419,Ames22751,H114,H114
EL19_6420,PI550530,ND249,ND249
EL19_6421,PI601403,LH156,LH156
EL19_6422,PI601493,LH149,LH149
EL19_6423,PI564755,LH183,LH183
EL19_6424,PI601171,LH93,LH93
EL19_6425,PI587130,4722,4722
EL19_6426,PI597925,B107,B107
EL19_6427,PI546482,DKFBLA,FBLA
EL19_6428,Ames23389,A15,A15
EL19_6429,PI531511,R227,R227
EL19_6430,Ames23417,A305,A305
EL19_6431,PI601789,PHV37,PHV37
EL19_6432,PI559949,PHT69,PHT69
EL19_6433,Ames27082,CML 108,CML 108
EL19_6434,Ames27122,K148,K148
EL19_6435,PI685986,LH143 (Maintainer),LH143 (Maintainer)
EL19_6436,Ames22754,K55,K55
EL19_6437,PI564748,DKMBWZ,MBWZ
EL19_6438,Ames27065,B73Htrhm,B73Htrhm
EL19_6439,PI565107,PHKE6,PHKE6
EL19_6440,PI565100,PHAW6,PHAW6
EL19_6441,PI559944,PHP85,PHP85
EL19_6442,Ames19309,A635,A635
EL19_6443,PI558516,Mo7,Mo7
EL19_6444,NSL65865,B10,B10
EL19_6445,PI559945,PHPR5,PHPR5
EL19_6446,Ames27174,NC356,NC356
EL19_6447,PI186197,INBRED 100,INBRED 100
EL19_6448,Ames2337,Huanyao,Huanyao
EL19_6449,Ames26772,H5,H5
EL19_6450,PI594086,N540,N540
EL19_6451,NSL30038,K4,K4
EL19_6452,PI601492,793,793
EL19_6453,NSL22632,K201,K201
EL19_6454,PI601792,PHW43,PHW43
EL19_6455,PI564754,DK3IIH6,3IIH6
EL19_6456,PI584325,L222,L222
EL19_6457,PI601438,DK78371A,78371A
EL19_6458,Ames30575,W818G,W818G
EL19_6459,Ames10254,GE54,GE54
EL19_6460,PI566940,NQ402,NQ402
EL19_6461,Ames27096,CML 322,CML 322
EL19_6462,Ames19330,W182B,W182B
EL19_6463,NSL22635,K41,K41
EL19_6464,PI585228,LH260,LH260
EL19_6465,Ames30938,Fe,Fe
EL19_6466,PI537097,LH195,LH195
EL19_6467,PI538009,LH196,LH196
EL19_6468,Ames27069,CH701-30,CH701-30
EL19_6469,PI531510,R226,R226
EL19_6470,PI600772,FR19,FR19
EL19_6471,PI587149,Va26,Va26
EL19_6472,PI595366,N209,N209
EL19_6473,Ames26793,H71,H71
EL19_6474,PI585226,LH231,LH231
EL19_6475,PI550465,B68,B68
EL19_6476,NSL65864,B8,B8
EL19_6477,PI585225,LH189Ht,LH189Ht
EL19_6478,PI543916,Mp339,Mp339
EL19_6479,Ames27043,CO192,CO192
EL19_6480,PI539922,LH190,LH190
EL19_6481,PI601574,PHT60,PHT60
EL19_6482,PI638551,DE3,DE3
EL19_6483,PI594088,N542,N542
EL19_6484,PI601562,DK78551S,78551S
EL19_6485,PI550567,N193,N193
EL19_6486,Ames24710,MS67,MS67
EL19_6487,PI257513,F115,F115
EL19_6488,PI587138,A554,A554
EL19_6489,Ames27057,CSJ3,CSJ3
EL19_6490,Ames23463,A627,A627
EL19_6493,PI600791,LH38,LH38
EL19_6494,PI548804,PHR55,PHR55
EL19_6495,PI585227,LH252,LH252
EL19_6496,Ames27136,MoG,MoG
EL19_6497,PI538011,LH220Ht,LH220Ht
EL19_6498,Ames26138,CI 187-2,CI 187-2
EL19_6499,NSL28966,Oh40B,Oh40B
EL19_6500,PI564751,DK2FADB,2FADB
EL19_6501,NSL30073,W37A,W37A
EL19_6502,PI600944,LH39,LH39
EL19_6503,NSL32726,ND167,ND167
EL19_6504,NSL30876,R78,R78
EL19_6505,PI550490,ND246,ND246
EL19_6506,NSL30894,R177,R177
EL19_6507,Ames30566,W809G,W809G
EL19_6508,PI562377,LH159,LH159
EL19_6509,NSL30053,W22,W22
EL19_6510,Ames27134,M162W,M162W
EL19_6511,PI303924,NO. 380,NO. 380
EL19_6512,PI531509,R225,R225
EL19_6513,NSL30872,R71,R71
EL19_6514,Ames28939,Mo44,Mo44
EL19_6515,Ames30574,W817G,W817G
EL19_6516,PI538007,LH127,LH127
EL19_6517,PI601006,PHG50,PHG50
EL19_6518,PI560081,Pa778,Pa778
EL19_6519,PI583757,DK84QAB1,84QAB1
EL19_6520,Ames23484,A651,A651
EL19_6521,Ames27138,N28Ht,N28Ht
EL19_6522,PI578035,PHTD5,PHTD5
EL19_6523,PI550695,L 155,L 155
EL19_6524,PI391672,YANG,YANG
EL19_6525,Ames27192,Va14,Va14
EL19_6526,Ames28928,Mo28W,Mo28W
EL19_6527,Ames10256,GE129,GE129
EL19_6528,PI558523,Mo5,Mo5
EL19_6529,PI557556,911,911
EL19_6530,PI601009,PHB47,PHB47
EL19_6531,PI550463,B65,B65
EL19_6532,PI186196,INBRED 109,INBRED 109
EL19_6533,PI601270,PHG29,PHG29
EL19_6534,PI600729,LP1 NR Ht,LP1 NR Ht
EL19_6535,Ames8399,W117HT,W117HT
EL19_6536,Ames24713,MS72,MS72
EL19_6537,PI559947,PHR31,PHR31
EL19_6538,PI601441,DKPB80,PB80
EL19_6539,PI574390,LH218,LH218
EL19_6540,PI601026,F42,F42
EL19_6541,PI340819,T9,T9
EL19_6542,PI550556,B88,B88
EL19_6543,PI601008,PHG35,PHG35
EL19_6544,Ames27131,Ky226,Ky226
EL19_6545,PI550532,ND251,ND251
EL19_6546,PI564753,DK3IJI1,3IJI1
EL19_6547,Ames23482,A649,A649
EL19_6548,PI566939,CQ806,CQ806
EL19_6549,PI543844,PHN46,PHN46
EL19_6550,PI601361,PHR36,PHR36
EL19_6551,NSL30074,W182E,W182E
EL19_6552,PI587134,IA2132,IA2132
EL19_6553,Ames24749,MS224,MS224
EL19_6554,PI550454,B52,B52
EL19_6555,PI601159,AS6103,AS6103
EL19_6556,PI562380,LH223,LH223
EL19_6557,PI601499,PHT77,PHT77
EL19_6558,PI517968,Pa392,Pa392
EL19_6559,PI593010,Hi28,Hi28
EL19_6560,Ames27135,MEF156-55-2,MEF156-55-2
EL19_6561,PI547087,LH181,LH181
EL19_6562,PI610494,NY6371,NY6371
EL19_6563,Ames27151,NC310,NC310
EL19_6564,Ames27018,CH711-10,CH711-10
EL19_6565,PI587129,H99,H99
EL19_6566,Ames27070,CM7,CM7
EL19_6567,PI601005,PH207,PH207
EL19_6568,PI547107,Lp215D,Lp215D
EL19_6569,PI543843,PHN34,PHN34
EL19_6570,PI601808,DK2FACC,2FACC
EL19_6571,Ames22016,C15,C15
EL19_6572,Ames20140,Mt42,Mt42
EL19_6573,PI527699,B90,B90
EL19_6574,PI531083,Pa891,Pa891
EL19_6575,NSL28965,Oh33,Oh33
EL19_6576,Ames27087,CML 220,CML 220
EL19_6577,NSL65872,L 289,L 289
EL19_6578,PI546484,DK6M502A,6M502A
EL19_6579,PI686062,IDS69,IDS69
EL19_6580,NSL65874,Os420,Os420
EL19_6581,PI601790,PHW03,PHW03
EL19_6582,Ames27021,CH753-4,CH753-4
EL19_6583,PI543850,PHW86,PHW86
EL19_6584,PI391665,YING-55,YING-55
EL19_6585,PI601495,PHK42,PHK42
EL19_6586,Ames26805,H122w,H122w
EL19_6587,PI583872,LH175,LH175
EL19_6588,PI543847,PHV07,PHV07
EL19_6589,PI578032,PHEM7,PHEM7
EL19_6590,Ames23498,A674,A674
EL19_6591,Ames27048,CO245,CO245
EL19_6592,Ames24746,MS221,MS221
EL19_6593,PI601442,PHG86,PHG86
EL19_6594,Ames24730,MS132,MS132
EL19_6595,PI535906,S 56,S 56
EL19_6596,PI601496,PHK76,PHK76
EL19_6597,PI559375,LH222,LH222
EL19_6598,PI601490,787,787
EL19_6599,PI601321,PHJ40,PHJ40
EL19_6600,PI601565,DKIBB14,IBB14
EL19_6601,PI642029,LH299,LH299
EL19_6602,PI550470,B54,B54
EL19_6603,Ames27140,NC260,NC260
EL19_6604,PI587133,P39,P39
EL19_6605,PI601569,PHN47,PHN47
EL19_6606,Ames27039,CO117,CO117
EL19_6607,PI257507,F7,F7
EL19_6608,PI573098,Oh603,Oh603
EL19_6609,Ames23507,C42,C42
EL19_6610,PI186229,INBRED 321,INBRED 321
EL19_6611,Ames27112,F2834T,F2834T
EL19_6612,PI565087,DK8M129,8M129
EL19_6613,Ames24748,MS223,MS223
EL19_6614,PI601209,DKMBNA,MBNA
EL19_6615,Ames24585,CG10,CG10
EL19_6616,PI546481,DKFBLL,FBLL
EL19_6617,PI601727,L 135,L 135
EL19_6618,PI601778,PHM10,PHM10
EL19_6619,NSL65863,B7,B7
EL19_6620,PI601575,PHW52,PHW52
EL19_6621,Ames2332,Bei 10 = North 10,Bei 10 = North 10
EL19_6622,PI601788,PHT22,PHT22
EL19_6623,PI559952,PHV53,PHV53
EL19_6624,PI564852,B101,B101
EL19_6625,PI560316,CS608,CS608
EL19_6626,PI601080,CR1HT,CR1HT
EL19_6627,Ames26745,WXB6,WXB6
EL19_6628,PI578216,NKNP901,NP901
EL19_6629,PI550461,B14A,B14A
EL19_6630,Ames27083,CML 154Q,CML 154Q
EL19_6631,PI369446,U 123,U 123
EL19_6632,Ames23503,A680,A680
EL19_6633,PI554616,DK3IBZ2,3IBZ2
EL19_6634,Ames22747,CM48,CM48
EL19_6635,Ames30576,W819G,W819G
EL19_6636,PI537098,LH204,LH204
EL19_6637,PI685984,NK792,792
EL19_6638,Ames30573,W816G,W816G
EL19_6639,PI601685,WIL901,WIL901
EL19_6640,PI601007,PHB09,PHB09
EL19_6641,NSL30861,A,A
EL19_6642,PI550440,B64,B64
EL19_6643,PI601439,DKFBHJ,FBHJ
EL19_6644,PI517974,Pa880,Pa880
EL19_6645,PI601360,LH52,LH52
EL19_6646,Ames26804,H121,H121
EL19_6647,Ames27042,CO158,CO158
EL19_6648,PI543849,PHW51,PHW51
EL19_6649,PI198892,4F-234 BX 4,4F-234 BX 4
EL19_6650,PI583874,LH250,LH250
EL19_6651,Ames30578,W821G,W821G
EL19_6652,Ames12732,NC232,NC232
EL19_6653,PI601269,AS5707,AS5707
EL19_6654,Ames27446,Il778d,Il778d
EL19_6655,NSL30868,R30,R30
EL19_6656,PI587127,H105W,H105W
EL19_6657,PI601725,J8606,J8606
EL19_6658,Ames23451,A572,A572
EL19_6659,PI565099,PHVJ4,PHVJ4
EL19_6660,NSL32738,ND283,ND283
EL19_6661,PI587150,Va35,Va35
EL19_6662,PI340830,T242,T242
EL19_6663,PI595616,ZS01250,ZS01250
EL19_6664,Ames22023,C68,C68
EL19_6665,Ames26806,H124w,H124w
EL19_6666,PI686063,IDS91,IDS91
EL19_6667,NSL30071,W32,W32
EL19_6668,NSL174429,INB 101LFY/LFY (A632 X M16 S5),INB 101LFY/LFY (A632 X M16 S5)
EL19_6669,PI568160,N201,N201
EL19_6670,PI608767,B84,B84
EL19_6671,PI524969,SD44,SD44
EL19_6672,PI601404,LH60,LH60
EL19_6673,PI559942,PHK74,PHK74
EL19_6674,PI594071,N523,N523
EL19_6675,PI550483,B76,B76
EL19_6676,PI555660,LH214,LH214
EL19_6677,Ames26774,H14,H14
EL19_6678,PI578031,PHAA0,PHAA0
EL19_6679,Ames27183,Oh43E,Oh43E
EL19_6680,PI601777,PHK35,PHK35
EL19_6681,PI539920,LH160,LH160
EL19_6682,PI587140,A632,A632
EL19_6683,Ames27158,NC324,NC324
EL19_6684,PI539923,LH194,LH194
EL19_6685,PI601498,PHT55,PHT55
EL19_6686,Ames30569,W812G,W812G
EL19_6687,PI601037,PHG80,PHG80
EL19_6688,NSL30896,R181B,R181B
EL19_6689,Ames27191,U267Y,U267Y
EL19_6690,PI577812,NK907,907
EL19_6691,PI686066,Sg 18,Sg 18
EL19_6692,Ames24708,MS24A,MS24A
EL19_6693,PI533659,SD102,SD102
EL19_6694,PI601775,PHJ70,PHJ70
EL19_6695,Ames27064,A441-5,A441-5
EL19_6696,PI601362,PHW17,PHW17
EL19_6697,Ames19327,Tx303,Tx303
EL19_6698,Ames27024,CL17,CL17
EL19_6699,PI601230,LH150,LH150
EL19_6700,PI591619,ZS1791,ZS1791
EL19_6701,PI565113,PHW80,PHW80
EL19_6702,PI565112,PHW53,PHW53
EL19_6703,Ames27190,T234,T234
EL19_6704,Ames27097,CML 323,CML 323
EL19_6705,PI406131,A797NW,A797NW
EL19_6706,PI601497,PHN11,PHN11
EL19_6707,PI593008,Hi26,Hi26
EL19_6708,PI548805,PHR58,PHR58
EL19_6709,PI601689,WIL500,WIL500
EL19_6710,Ames27111,EP1,EP1
EL19_6711,PI557563,LH198,LH198
EL19_6712,PI606330,DE2,DE2
EL19_6713,PI601779,PHM57,PHM57
EL19_6714,Ames30556,W604S,W604S
EL19_6715,PI559943,PHN18,PHN18
EL19_6716,Ames27105,CO106,CO106
EL19_6717,PI391682,YE-CHI-HUNG,YE-CHI-HUNG
EL19_6718,Ames24737,MS200,MS200
EL19_6719,PI564683,B98,B98
EL19_6720,Ames2328,NORTH 7,NORTH 7
EL19_6721,PI601560,DK2MA22,2MA22
EL19_6722,PI537101,LH211,LH211
EL19_6723,PI601728,L 139,L 139
EL19_6724,NSL30056,W703,W703
EL19_6725,NSL34374,SD15,SD15
EL19_6726,PI583350,Mo45,Mo45
EL19_6727,Ames23497,A673,A673
EL19_6728,NSL30869,R53,R53
EL19_6729,PI564750,DK91IFC2,91IFC2
EL19_6730,PI565108,PHMK0,PHMK0
EL19_6731,PI583773,OQ601,OQ601
EL19_6732,PI601170,LH82,LH82
EL19_6733,PI555659,LH164,LH164
EL19_6734,PI601791,PHW20,PHW20
EL19_6735,PI601402,LH146Ht,LH146Ht
EL19_6736,PI594050,N501,N501
EL19_6737,Ames19016,Va59,Va59
EL19_6738,PI559939,PHGV6,PHGV6
EL19_6739,PI594048,B105,B105
EL19_6740,PI547088,LH208,LH208
EL19_6741,PI550526,H110,H110
EL19_6742,PI391662,KUNG-70,KUNG-70
EL19_6743,PI559953,PHVA9,PHVA9
EL19_6744,PI559950,PHT73,PHT73
EL19_6745,PI587155,W182BN,W182BN
EL19_6746,PI601467,PHK05,PHK05
EL19_6747,PI600956,DKMDF-13D,MDF-13D
EL19_6748,PI550464,B66,B66
EL19_6749,Ames27031,CM99,CM99
EL19_6750,PI601567,PHH93,PHH93
EL19_6751,PI550571,ND259,ND259
EL19_6752,NSL22983,C102,C102
EL19_6753,Ames27079,CML 91,CML 91
EL19_6754,Ames22757,Pa405,Pa405
EL19_6755,PI565110,PHRE1,PHRE1
EL19_6756,Ames12734,NC236,NC236
EL19_6757,PI557562,LH197,LH197
EL19_6758,PI559948,PHT47,PHT47
EL19_6759,PI221773,A415-1-3 INBRED,A415-1-3 INBRED
EL19_6760,PI552815,LH215,LH215
EL19_6761,PI601300,DK4676A,4676A
EL19_6762,PI587132,Sg 1533,Sg 1533
EL19_6763,Ames23405,A239,A239
EL19_6764,Ames26790,H52,H52
EL19_6765,PI587152,W64A,W64A
EL19_6766,PI601466,LH59,LH59
EL19_6767,PI520774,NC264,NC264
EL19_6768,Ames26787,H49,H49
EL19_6769,PI508277,SD42,SD42
EL19_6770,Ames27149,NC306,NC306
EL19_6771,Ames2339,Huobai,Huobai
EL19_6772,PI559936,PHBW8,PHBW8
EL19_6773,Ames26128,CI 40H,CI 40H
EL19_6774,PI550489,ND245,ND245
EL19_6775,PI601374,764,764
EL19_6776,PI600751,Seagull Seventeen,Seagull Seventeen
EL19_6777,PI550469,B46,B46
EL19_6778,PI559951,PHTM9,PHTM9
EL19_6779,PI601376,779,779
EL19_6780,Ames30568,W811G,W811G
EL19_6781,PI584528,B99,B99
EL19_6782,PI644101,LH1,LH1
EL19_6783,PI601724,E8501,E8501
EL19_6784,NSL42875,A71,A71
EL19_6785,PI608777,B85,B85
EL19_6786,Ames12726,NC13,NC13
EL19_6787,NSL22984,J47,J47
EL19_6788,PI564540,LH217,LH217
EL19_6789,PI200184,NY 166 (Neveh Yaar),NY 166
EL19_6790,PI601571,PHR32,PHR32
EL19_6791,PI578034,PHTE4,PHTE4
EL19_6792,PI601686,WIL903,WIL903
EL19_6793,Ames27147,NC302,NC302
EL19_6794,PI546483,DK6F629,6F629
EL19_6795,NSL22634,K155,K155
EL19_6796,PI539924,LH202,LH202
EL19_6797,Ames19313,C123,C123
EL19_6798,Ames20116,Mo23W,Mo23W
EL19_6799,PI538008,LH163,LH163
EL19_6800,PI539925,LH191,LH191
EL19_6801,PI578029,PHBB3,PHBB3
EL19_6802,PI686059,IDS28,IDS28
EL19_6803,PI601417,NS701,NS701
EL19_6804,Ames27187,R4,R4
EL19_6805,PI601729,W8555,W8555
EL19_6806,PI531085,NC262,NC262
EL19_6807,Ames27184,Pa762,Pa762
EL19_6808,Ames26022,Tr,Tr
EL19_6809,PI559380,ICI 193,ICI 193
EL19_6810,PI600981,PHG39,PHG39
EL19_6811,PI564543,LH167,LH167
EL19_6812,Ames30559,W802G,W802G
EL19_6813,PI601787,PHR63,PHR63
EL19_6814,NSL30878,R101,R101
EL19_6815,PI550467,B37,B37
EL19_6816,PI601469,PHR25,PHR25
EL19_6817,Ames27121,K64,K64
EL19_6818,PI537100,LH210,LH210
EL19_6819,PI601322,PHZ51,PHZ51
EL19_6820,PI594080,N534,N534
EL19_6821,PI340821,G22 T122,T122
EL19_6822,PI596354,N211,N211
EL19_6823,PI415086,4578 INBRED,4578 INBRED
EL19_6824,PI601570,PHP02,PHP02
EL19_6825,PI601566,DKMBST,MBST
EL19_6826,PI594047,B104,B104
EL19_6827,Ames27141,NC290A,NC290A
EL19_6828,NSL65873,L317,L317
EL19_6829,Ames23422,A322,A322
EL19_6830,Ames2336,52220,52220
EL19_6831,PI587146,Oh7,Oh7
EL19_6832,PI601573,PHT10,PHT10
EL19_6833,Ames26028,CI 540,CI 540
EL19_6834,PI578037,PHKM5,PHKM5
EL19_6835,PI520770,W552,W552
EL19_6836,NSL30867,M14,M14
EL19_6837,PI587128,H84,H84
EL19_6838,PI578030,PHEG9,PHEG9
EL19_6839,PI565106,PHJR5,PHJR5
EL19_6840,PI576172,LH186,LH186
EL19_6841,Ames30572,W815G,W815G
EL19_6842,PI546485,DKNL001,NL001
EL19_6843,CIze21,CI 21E,CI 21E
EL19_6844,PI550472,B57,B57
EL19_6845,Ames30939,A3G-3-3-1-313,A3G-3-3-1-313
EL19_6846,PI559917,MQ305,MQ305
EL19_6847,PI601416,LH61,LH61
EL19_6848,Ames27051,CO256,CO256
EL19_6849,Ames26604,38-11,38-11
EL19_6850,PI587139,A619,A619
EL19_6851,PI601783,PHN82,PHN82
EL19_6852,PI559918,NQ508,NQ508
EL19_6853,PI600954,LH119,LH119
EL19_6854,Ames23423,A334,A334
EL19_6855,Ames28365,CI 91B Goodman-Buckler,CI 91B
EL19_6856,Ames29393,CML 395,CML 395
EL19_6857,PI601774,PHJ33,PHJ33
EL19_6858,PI543842,PHK56,PHK56
EL19_6859,PI533658,SD101,SD101
EL19_6860,Ames27119,Il 101T,Il 101T
EL19_6861,PI544065,NKBCC03,NKBCC03
EL19_6862,Ames24727,MS106,MS106
