plant_id,leaf_num,Area,Length,Width
1302-P1,7,212.45,46.44,6.51
1302-P1,8,299.78,54.58,8.23
1302-P1,9,431.01,61.53,11.81
1302-P1,10,472.32,63.37,10.5
1302-P1,11,536.25,66.73,12.01
1302-P1,12,508.69,62.43,11.6
1302-P1,13,466.95,59.61,11.04
1302-P1,14,386.52,55.34,10.46
1302-P1,15,296.72,48.53,8.81
1302-P1,16,172.84,39.07,6.23
1302-P2,6,183.73,45.87,5.74
1302-P2,7,295.35,55.8,7.8
1302-P2,8,438.92,63.94,10.94
1302-P2,9,529.65,69.89,12.23
1302-P2,10,577.89,69.81,13.5
1302-P2,11,561.4,66.2,13.63
1302-P2,12,505.67,60.01,11.78
1302-P2,13,420.75,54.08,11.46
1302-P2,14,343.56,49.41,10.41
1302-P2,15,215.04,40.14,7.64
1302-P2,16,96.4,32.22,4.35
1302-P3,7,180.84,46.87,6.61
1302-P3,8,318.13,55.01,7.89
1302-P3,9,422.73,63.69,9.79
1302-P3,10,472.51,66.01,10.69
1302-P3,11,446.46,62.58,10.65
1302-P3,12,389.91,55.68,10.18
1302-P3,13,373.8,55.49,9.87
1302-P3,14,278.3,45.34,8.98
1302-P3,15,205.09,39,7.69
1302-P3,16,109.08,30.77,5.17
1312-P1,8,289.09,61.36,7.59
1312-P1,9,363.83,68.7,7.39
1312-P1,10,386.29,68.91,9.21
1312-P1,11,417.93,71.01,9.35
1312-P1,12,433.83,68.5,9.55
1312-P1,13,399.57,66.8,8.74
1312-P1,14,355.72,60.71,8.67
1312-P1,15,307.98,56.1,8.09
1312-P1,16,242.26,51.21,6.66
1312-P1,17,136.08,37.35,4.91
1312-P2,7,167.67,48.27,4.93
1312-P2,8,252.44,57.05,6.38
1312-P2,9,330.69,67.54,7.04
1312-P2,10,375.76,67.89,8.02
1312-P2,11,400.69,69.19,9.12
1312-P2,12,404.23,66.04,8.67
1312-P2,13,372.34,63.3,8.44
1312-P2,14,343.17,59.59,8.42
1312-P2,15,266.79,47.43,8.02
1312-P2,16,218.2,44.27,6.7
1312-P2,17,109.42,31.97,4.89
1312-P3,8,284.84,61.69,6.56
1312-P3,9,358.1,65.37,7.95
1312-P3,10,396.12,68.31,9.35
1312-P3,11,422.91,70.97,8.41
1312-P3,12,431.61,69.14,9.22
1312-P3,13,399.44,66.95,8.69
1312-P3,14,359.45,60.48,8.59
1312-P3,15,287.04,54.84,8.02
1312-P3,16,248.9,50.13,7.1
1312-P3,17,155.4,38.15,5.7
1304-P1,8,162.03,47.77,4.41
1304-P1,9,250.78,66.76,5.22
1304-P1,11,394.23,77.79,7.76
1304-P1,12,393.29,73.33,8.26
1304-P1,13,367.41,66.53,8.54
1304-P1,14,336.37,64.14,7.47
1304-P1,15,306.63,62.19,7.39
1304-P1,16,282.02,56.95,7.29
1304-P1,17,231.02,50.74,6.25
1304-P1,18,192.58,51.46,5.75
1304-P1,19,145.83,43.11,5.32
1304-P2,8,142.92,53.45,3.97
1304-P2,9,210.04,63.21,4.6
1304-P2,10,280,69.74,5.62
1304-P2,11,340.44,76.29,6.57
1304-P2,12,380.79,73.97,7.47
1304-P2,13,364.4,73.91,7.45
1304-P2,14,331.08,70.41,7.33
1304-P2,15,311.51,65.57,7.53
1304-P2,16,276.87,60.4,6.97
1304-P2,17,251.64,54.44,6.67
1304-P2,18,206.99,51.53,6.14
1304-P2,19,134.77,41.23,4.86
1304-P3,8,185.56,58.14,4.26
1304-P3,9,252.6,68.47,5.04
1304-P3,10,318.84,76.85,5.86
1304-P3,11,350.98,73.6,6.65
1304-P3,12,326.19,71.37,7.76
1304-P3,13,326.09,68.98,7.31
1304-P3,14,247.57,48.92,6.03
1304-P3,15,248.01,53.96,6.08
1304-P3,16,227.34,55.15,6.37
1304-P3,17,182.96,49.28,5.45
1304-P3,18,127.93,39.94,4.62
1303-P1,7,135,39.54,4.52
1303-P1,8,264.55,51.59,6.86
1303-P1,9,353.61,62.38,7.61
1303-P1,10,431.58,66.28,9.5
1303-P1,11,438.98,62.99,9.99
1303-P1,12,473,64.58,10.21
1303-P1,13,446.14,62.39,10.32
1303-P1,14,377.43,56.99,9.3
1303-P1,15,307.96,51.93,8.1
1303-P1,16,232.18,44.06,7.4
1303-P1,17,130.88,32.03,5.73
1303-P2,8,251.42,49.16,7.55
1303-P2,9,364.11,59.59,9.11
1303-P2,10,432.66,63.57,10.63
1303-P2,11,453.65,62.26,11.11
1303-P2,12,444.28,60.37,12.29
1303-P2,13,476.22,63.76,10.41
1303-P2,14,420.98,57.95,10.2
1303-P2,15,415.7,59.95,9.83
1303-P2,16,333.22,53.58,8.15
1303-P2,17,230.82,42.87,7.6
1303-P2,18,96.11,27.66,4.99
1303-P3,9,359.02,58.4,10.25
1303-P3,10,434.42,63.29,9.35
1303-P3,11,512.49,67.91,10.47
1303-P3,12,514.25,65.01,10.55
1303-P3,13,506.27,64.48,10.78
1303-P3,14,471.71,61.49,10.55
1303-P3,15,406.55,56.95,9.71
1303-P3,16,320.65,50.04,8.68
1303-P3,17,226.61,41.18,7.5
1303-P3,18,120.01,31.7,5.29
1311-P1,6,165.57,44.6,4.77
1311-P1,7,260.22,54.33,6.87
1311-P1,8,314.6,58.79,8.59
1311-P1,9,335.01,58.35,8.21
1311-P1,10,329.48,54.96,8.43
1311-P1,11,248.55,49.68,7.36
1311-P1,12,225.92,45.91,6.9
1311-P1,13,115.48,31.32,5.16
1311-P2,6,152.38,43.55,4.6
1311-P2,7,254.06,52.67,6.62
1311-P2,8,263.7,49.74,7.76
1311-P2,9,325.69,56.42,9.19
1311-P2,10,340.16,59.79,8.17
1311-P2,11,302.82,54.25,7.93
1311-P2,12,220.92,48.15,6.41
1311-P2,13,111.85,31.48,4.93
1311-P3,6,146.71,45.52,4.46
1311-P3,7,261.21,51.69,6.42
1311-P3,8,338.44,59.42,8.32
1311-P3,9,358.2,59.14,8.5
1311-P3,10,340.9,55.93,8.36
1311-P3,11,247.91,51.83,10.01
1311-P3,12,248.66,47.75,7.15
1311-P3,13,159.1,39.71,5.83
1311-P3,14,60.38,19.88,3.93
1309-P1,8,233.41,56.66,6.12
1309-P1,9,243.46,52.5,8.06
1309-P1,10,373.65,66.06,7.92
1309-P1,11,394.63,66.58,8.7
1309-P1,12,423.1,69.89,9.38
1309-P1,13,408.09,66.01,9.4
1309-P1,14,377.85,61.28,11.5
1309-P1,15,367.54,61.05,9.8
1309-P1,16,303.99,54.69,8.48
1309-P1,17,253.39,50.69,7.11
1309-P1,18,108.17,32.3,4.6
1309-P2,8,253.32,57.65,6.75
1309-P2,9,322.29,62.45,7.83
1309-P2,10,392.91,61.89,8.36
1309-P2,11,441.21,68,9.23
1309-P2,12,438,66.5,9.46
1309-P2,13,416.71,65.61,10.14
1309-P2,14,403.72,64.33,9.33
1309-P2,15,364.11,59.8,8.67
1309-P2,16,287.92,51.85,7.95
1309-P2,17,158.19,39.78,5.13
1309-P3,8,211.9,55.7,5.48
1309-P3,9,282.88,54.8,7.57
1309-P3,10,373.26,68.36,8.09
1309-P3,11,415.26,69.55,10.05
1309-P3,12,427.22,69.78,9.06
1309-P3,13,419.87,66.66,10.25
1309-P3,14,371.61,61.83,9.32
1309-P3,15,379.07,63.15,8.95
1309-P3,16,296.67,53.46,8.24
1309-P3,17,203.9,45.22,6.44
1309-P3,18,114.32,33.18,4.71
1313-P1,8,155.28,37.41,5.94
1313-P1,9,231.58,45.41,6.99
1313-P1,10,304.59,51.43,8.01
1313-P1,11,340.28,53.6,9.13
1313-P1,12,351.1,52.27,9.17
1313-P1,13,369.57,53.59,9.64
1313-P1,14,343.29,52.96,9.05
1313-P1,15,304.95,48.49,9.66
1313-P1,16,221.09,40.27,7.85
1313-P1,17,83.04,23.86,4.45
1313-P2,8,223.64,45.19,6.65
1313-P2,9,308.51,53.38,7.59
1313-P2,10,359.09,55.24,8.63
1313-P2,11,391.69,58.93,9.29
1313-P2,12,385.72,58.13,9.04
1313-P2,13,371.21,56.13,9.12
1313-P2,14,306.99,50.67,8.55
1313-P2,15,254.92,45.54,8.89
1313-P2,16,150.99,32.87,6.18
1313-P3,9,229.18,43.04,7.26
1313-P3,10,293.24,49.44,8.22
1313-P3,11,323.43,49.97,9.43
1313-P3,12,354.08,53.29,10.02
1313-P3,13,344.64,51.79,9.45
1313-P3,14,340.32,52.99,9.28
1313-P3,15,297.01,47.62,8.77
1313-P3,16,234.2,41.67,8.03
1313-P3,17,136.67,31.95,6.35
1314-P1,6,154.47,48.07,4.46
1314-P1,7,253.11,58.62,5.95
1314-P1,8,352.09,67.03,7.06
1314-P1,9,444.78,71.77,8.35
1314-P1,10,459.06,68.98,8.63
1314-P1,11,443.62,63.89,9.63
1314-P1,12,485.92,67.18,9.5
1314-P1,13,392.42,56.54,10.28
1314-P1,14,378.05,56.59,10.09
1314-P1,15,309.59,49.92,9.98
1314-P1,16,202.2,39.81,7.52
1314-P2,6,141.92,47.12,4.26
1314-P2,7,244.34,57.58,5.73
1314-P2,8,305.77,58.5,7.26
1314-P2,9,441.82,72.31,8.46
1314-P2,10,490.72,72.93,8.59
1314-P2,11,457.76,65.35,9.6
1314-P2,12,465.8,65.4,9.42
1314-P2,13,421.32,60.67,9.85
1314-P2,14,339.16,53.62,9.6
1314-P2,15,276.05,48.86,9.18
1314-P2,16,200.45,41.43,7.84
1314-P2,17,71.48,23.19,3.97
1314-P3,8,271.98,64.28,6.38
1314-P3,9,375.12,68.26,7.28
1314-P3,10,347.92,59.4,8.07
1314-P3,11,400.01,63.12,8.17
1314-P3,12,372.53,59.04,8.75
1314-P3,13,299.26,49.65,9.08
1314-P3,14,235.91,43.5,9.38
1314-P3,15,171.81,37.91,7.56
1314-P3,16,76.2,24.1,4.25
1308-P1,6,87.36,36.73,3.35
1308-P1,7,150.41,46.37,4.5
1308-P1,8,259.86,56.01,6.35
1308-P1,9,350.53,64.26,8.3
1308-P1,10,402.42,66.15,9.12
1308-P1,11,419.64,64.57,9.54
1308-P1,12,393.11,60.26,9.08
1308-P1,13,348.02,55.4,8.93
1308-P1,14,296.24,51.54,8.65
1308-P1,15,223.42,44.35,7.73
1308-P1,16,154.47,35.9,6.5
1308-P2,7,184.15,47.46,5.32
1308-P2,8,275.86,56.62,6.65
1308-P2,9,325,56.96,7.8
1308-P2,10,420.88,65.94,8.11
1308-P2,11,432.63,63.43,9.39
1308-P2,12,391.55,58.9,8.93
1308-P2,13,331.18,52.17,9.09
1308-P2,14,296.44,49.73,8.79
1308-P2,15,239.2,43.77,8.8
1308-P2,16,160.89,35.92,7.11
1316-P1,6,160.68,45.68,4.74
1316-P1,7,270.99,53.26,7.06
1316-P1,8,312.51,58.25,7.95
1316-P1,9,362.58,57.58,9.42
1316-P1,10,341.08,56.18,9.08
1316-P1,11,321.08,51.93,8.63
1316-P1,12,249.3,48.86,7.26
1316-P1,13,174.5,39.93,6.23
1316-P1,14,30.23,14.5,2.85
1316-P2,6,114.21,40.74,4.01
1316-P2,7,210.99,47.31,6.01
1316-P2,8,280.9,51.73,7.43
1316-P2,9,318,54.37,9.31
1316-P2,10,310.22,52.75,8.24
1316-P2,11,286.15,53.36,7.76
1316-P2,12,229.56,46.2,6.58
1316-P2,13,110.44,33.91,4.52
1316-P3,6,143.49,41.19,4.49
1316-P3,7,221.28,49.69,5.98
1316-P3,8,276.91,54.03,21.25
1316-P3,9,304.14,56.07,7.76
1316-P3,10,309.77,55.81,7.81
1316-P3,11,268.88,52.45,7.2
1316-P3,12,179.04,46.24,5.15
1316-P3,13,72.2,25.5,3.83
1328-P1,6,140.23,44.58,4.51
1328-P1,7,240.7,56.95,5.69
1328-P1,8,351.21,65.32,7.19
1328-P1,9,454.94,71.75,8.3
1328-P1,10,508.69,72.51,9.17
1328-P1,11,509.93,68.75,9.7
1328-P1,12,475.38,68.12,9.81
1328-P1,13,437.58,63.51,10.26
1328-P1,14,377.52,59.94,10.65
1328-P1,15,301.57,53.64,9.67
1328-P1,16,170.96,38.33,6.15
1328-P2,6,142.34,46.92,4.68
1328-P2,7,249.11,58.69,5.73
1328-P2,8,334.94,70.22,6.65
1328-P2,9,403.5,74.87,7.23
1328-P2,10,430.1,71.09,8.1
1328-P2,11,443.19,70.4,8.92
1328-P2,12,385,63.47,9.27
1328-P2,13,337.58,58.21,9.7
1328-P2,14,272.1,52.08,9.29
1328-P2,15,159.68,38.12,6.64
1328-P3,7,204.54,53.87,5.46
1328-P3,8,303.45,65.18,6.47
1328-P3,9,376.04,69.02,7.49
1328-P3,10,411.41,71.29,7.81
1328-P3,11,394.86,64.49,8.79
1328-P3,12,362.78,60.92,8.89
1328-P3,13,307.35,55.22,9.1
1328-P3,14,252.2,50.81,8.43
1328-P3,15,184.36,42.38,7.43
1328-P3,16,90.24,29.17,4.49
1327-P1,8,179.45,48.46,5.09
1327-P1,9,265.97,58.19,7.89
1327-P1,10,357.46,67.04,7.97
1327-P1,11,361.85,61.45,10.16
1327-P1,12,434.69,64.07,8.87
1327-P1,13,450.05,66.04,8.74
1327-P1,14,424.93,70.7,8.61
1327-P1,15,384.12,65.9,8.46
1327-P1,16,348.75,64.15,10.01
1327-P1,17,275.56,55.44,6.89
1327-P1,18,244.45,54.35,8.11
1327-P1,19,208.1,48.85,5.81
1327-P1,20,169.04,43.97,6.56
1327-P1,21,86.44,31.13,3.61
1327-P2,8,219.2,54.33,5.43
1327-P2,9,320.38,61.48,6.94
1327-P2,10,402.43,68.39,8.09
1327-P2,11,469.83,72.8,9.64
1327-P2,12,496.87,75.42,8.9
1327-P2,13,474.73,70.5,9.12
1327-P2,14,455.04,69.63,8.52
1327-P2,15,365.45,62.49,8.76
1327-P2,16,356.96,64.17,7.44
1327-P2,17,303.02,57.63,7.47
1327-P2,18,245.83,52.83,6.49
1327-P2,19,182.25,46.8,5.54
1327-P2,20,116.14,36.64,4.29
1327-P3,8,168.12,49.1,4.8
1327-P3,9,281.54,59.64,6.61
1327-P3,10,376.45,67.46,8.19
1327-P3,11,447.55,70.98,8.83
1327-P3,12,471.85,69.29,9.22
1327-P3,13,496.37,72.65,16.36
1327-P3,14,486.01,72.27,8.98
1327-P3,15,422.76,65.88,8.91
1327-P3,16,374.34,62.7,7.96
1327-P3,17,284.45,56.85,7.03
1327-P3,18,241.08,52.75,7.05
1327-P3,19,180.95,47.58,5.61
1327-P3,20,104.15,32.87,4.33
1325-P1,8,151.57,49.57,4.38
1325-P1,9,244.8,61.43,5.96
1325-P1,10,318.65,67.85,7.18
1325-P1,11,365.38,71.17,7.89
1325-P1,12,409.1,71.66,8.67
1325-P1,13,411.7,72.18,8.85
1325-P1,14,398.69,64.28,8.58
1325-P1,15,356.65,61.2,8.28
1325-P1,16,285.76,53.34,7.78
1325-P1,17,189.85,44.72,5.85
1325-P1,18,60.07,23.82,3.55
1325-P2,8,199.68,44.65,5.57
1325-P2,9,283.5,63.33,6.89
1325-P2,10,356.44,68.27,7.97
1325-P2,11,388.06,65.78,8.81
1325-P2,12,373.7,63.44,8.4
1325-P2,13,365.75,59.94,8.26
1325-P2,14,317.51,57.26,7.69
1325-P2,15,245.71,48.99,6.98
1325-P2,16,109.89,32.1,4.63
1325-P3,8,184.12,52.92,4.89
1325-P3,9,269.75,62.46,6.21
1325-P3,10,317.67,59.44,7.13
1325-P3,11,380.24,67.46,7.74
1325-P3,12,404.93,70.72,8.27
1325-P3,13,399.02,67.81,8.36
1325-P3,14,368.54,64.05,8.06
1325-P3,15,307.26,57.03,7.4
1325-P3,16,203.94,46.63,5.96
1325-P3,17,45.75,21.64,2.79
1326-P1,8,264.01,53.2,6.67
1326-P1,9,354.84,61.54,7.64
1326-P1,10,424.69,65.73,9.08
1326-P1,11,498.11,67.5,10.2
1326-P1,12,510.31,71.49,9.96
1326-P1,13,512.46,67.57,10.43
1326-P1,14,475.68,64.78,9.96
1326-P1,15,373.91,55.28,9.34
1326-P1,16,303.78,50.32,8.42
1326-P1,17,193.67,38.35,6.87
1326-P1,18,71.86,24.41,4.06
1326-P2,7,140.29,42.18,4.92
1326-P2,8,257.32,52.08,6.46
1326-P2,9,345.09,59.13,8.22
1326-P2,10,421.07,64.05,8.77
1326-P2,11,479.35,67.05,10.39
1326-P2,12,486.7,64.41,10.62
1326-P2,13,466.54,62.86,10.32
1326-P2,14,427.17,58.64,9.98
1326-P2,15,322.7,50.32,8.72
1326-P2,16,248.95,43.74,7.76
1326-P2,17,158.1,34,6.31
1326-P2,18,63.81,23.17,3.85
1326-P3,8,241.92,47.5,6.64
1326-P3,9,351.24,60.48,7.74
1326-P3,10,435.86,64.2,9.01
1326-P3,11,509.64,69.4,11.02
1326-P3,12,530.94,67.48,10.98
1326-P3,13,531.24,65.52,11.23
1326-P3,14,490.32,62.31,10.66
1326-P3,15,423.4,59.65,9.63
1326-P3,16,330.35,52.97,8.55
1326-P3,17,207.57,39.93,7.15
1326-P3,18,47.37,19.9,3.24
1319-P1,6,99.27,38.59,3.96
1319-P1,7,190.91,49.24,5.63
1319-P1,8,283.16,57.64,6.79
1319-P1,9,398.77,66.07,8.17
1319-P1,10,459.51,68.86,8.72
1319-P1,11,468.26,66.61,8.9
1319-P1,12,432.02,63.27,9.12
1319-P1,13,376.16,58.02,9.19
1319-P1,14,310.91,53.91,9.01
1319-P1,15,229.44,44.13,8.5
1319-P1,16,171.53,37.11,7.15
1319-P1,17,109.03,29.28,5.22
1319-P2,7,139.52,47.39,4.43
1319-P2,8,225.03,58.04,5.9
1319-P2,9,359.98,64.33,7.28
1319-P2,10,417.21,67.07,8.03
1319-P2,11,420.04,64,8.65
1319-P2,12,376.33,56.25,8.89
1319-P2,13,321.48,52.04,8.6
1319-P2,14,239.28,44.8,8.07
1319-P2,15,186.67,38.37,7.26
1319-P2,16,91.23,29.72,4.67
1319-P3,6,98.73,37.45,4.14
1319-P3,7,198.09,49.48,5.38
1319-P3,8,287.17,56.21,6.85
1319-P3,9,368.68,63.4,7.66
1319-P3,10,451.37,68.71,8.55
1319-P3,11,448.46,65.69,9.08
1319-P3,12,410.95,60.1,9.09
1319-P3,13,353.05,54.43,9.08
1319-P3,14,302.02,50.17,8.86
1319-P3,15,222.72,41.9,8.01
1319-P3,16,129.4,34.09,5.69
1317-P1,9,206.56,47.29,6.45
1317-P1,10,305.55,51.05,7.85
1317-P1,11,343.56,53.99,8.27
1317-P1,12,368.74,54.99,9.22
1317-P1,13,375.22,54.5,9.91
1317-P1,14,349.05,51.15,9.63
1317-P1,15,335.97,51.37,9.13
1317-P1,16,293.48,47.32,8.6
1317-P1,17,189.36,36.66,7.27
1317-P1,18,22.05,12.94,2.55
1317-P2,8,157.35,40.29,5.33
1317-P2,9,245.98,48.88,6.97
1317-P2,10,333.05,54.09,8.22
1317-P2,11,388.56,58,9.14
1317-P2,12,392.93,57.52,9.38
1317-P2,13,378.74,55.31,9.88
1317-P2,14,320.61,49.29,9.39
1317-P2,15,227.81,39.68,7.85
1317-P2,16,138.18,31.86,6.42
1317-P2,17,24.22,11.4,3.3
1317-P3,9,218,44.92,6.58
1317-P3,10,303.19,50.1,8.3
1317-P3,11,353.62,53.44,8.86
1317-P3,12,373.14,55.9,9.27
1317-P3,13,370.38,55.15,9.5
1317-P3,14,382.44,53.31,9.93
1317-P3,15,349.81,52.39,9.59
1317-P3,16,290.38,47.01,8.64
1317-P3,17,184.08,36.65,6.89
1317-P3,18,25.55,13.63,2.67
1315-P1,8,311.91,62.3,6.44
1315-P1,9,377.97,67.26,7.29
1315-P1,10,451.17,71.22,8.79
1315-P1,11,466.66,69.19,9.06
1315-P1,12,438.42,65.63,8.94
1315-P1,13,362.11,58.6,8.44
1315-P1,14,304.75,51.85,8.13
1315-P1,15,212.24,44.2,6.85
1315-P1,16,89.19,26.25,4.79
1315-P2,9,403.12,66.01,8.01
1315-P2,10,463,69.9,9.08
1315-P2,11,495.04,69.46,9.64
1315-P2,12,487.21,67.22,9.75
1315-P2,13,415.41,61.93,9.52
1315-P2,14,342.61,57.3,8.73
1315-P2,15,252.23,47.44,7.41
1315-P2,16,141.58,37.05,5.43
1315-P2,17,33.32,15.06,2.91
1315-P3,8,252.59,60.1,5.86
1315-P3,9,398.94,70,7.48
1315-P3,10,482.96,73.26,8.94
1315-P3,11,521.18,76.01,9.2
1315-P3,12,493.13,71.97,9.51
1315-P3,13,445.61,68.68,8.73
1315-P3,14,369.29,61.35,8.31
1315-P3,15,272.27,51.51,7.26
1315-P3,16,189.2,42.63,6.16
1315-P3,17,73.44,24.25,4.12
1320-P1,8,159.46,53,4.1
1320-P1,9,198.14,59.33,4.51
1320-P1,10,294.7,68.03,5.87
1320-P1,11,349.7,73.48,7.99
1320-P1,12,379.78,71.81,7.72
1320-P1,13,387.91,72.17,7.98
1320-P1,14,356.09,69.85,7.95
1320-P1,15,324.57,67.76,7.88
1320-P1,16,294.71,64.6,7.62
1320-P1,17,263.74,60.64,7.48
1320-P1,18,204.81,52.66,6.89
1320-P1,19,148.02,40.03,6.31
1320-P2,8,141.44,53.96,3.93
1320-P2,9,212.96,65.28,4.47
1320-P2,10,308.48,74.04,5.84
1320-P2,11,338.18,75.05,6.25
1320-P2,12,394.81,76.57,7.74
1320-P2,13,387.22,70.27,7.97
1320-P2,14,356.34,69.53,8.11
1320-P2,15,302.97,63.67,7.3
1320-P2,16,278.59,65.45,7.31
1320-P2,17,202.02,39.73,6.32
1320-P2,18,165.46,37.15,5.84
1320-P2,19,99.14,35.35,4.76
1320-P3,8,144.45,57.67,3.67
1320-P3,9,216.11,68.55,4.5
1320-P3,10,307.45,76.55,5.66
1320-P3,11,361.2,80.47,6.64
1320-P3,12,383.44,79.27,7.21
1320-P3,13,369.94,75.77,7.39
1320-P3,14,343.33,72.18,7.51
1320-P3,15,313.29,67.85,7.03
1320-P3,16,280.81,63.75,6.74
1320-P3,17,240.01,58.3,6.44
1320-P3,18,163.04,47.37,5.36
1321-P1,8,188.76,53.18,5.2
1321-P1,9,296.47,58.01,6.45
1321-P1,10,363.44,67.11,7.66
1321-P1,11,396.69,67.94,8.28
1321-P1,12,380.91,65.18,8.53
1321-P1,13,323.96,56.33,8.74
1321-P1,14,341.08,59.47,8.28
1321-P1,15,318.1,56.81,8.22
1321-P1,16,230.21,48.18,6.95
1321-P1,17,124.8,34.89,5.14
1321-P2,8,216.47,57.71,5.11
1321-P2,9,307.27,66.13,6.52
1321-P2,10,358.71,70.13,7.16
1321-P2,11,406.75,72.53,7.94
1321-P2,12,393.08,68.01,8.31
1321-P2,13,390.59,65.71,8.44
1321-P2,14,358.69,62.1,8.46
1321-P2,15,309.14,55.49,8.15
1321-P2,16,246.56,47.51,7.26
1321-P2,17,135.06,35.72,5.27
1321-P3,8,253.95,61.4,5.73
1321-P3,9,337.01,68.47,6.72
1321-P3,10,392.24,72.39,7.77
1321-P3,11,412.12,71.21,8.21
1321-P3,12,423.23,70.34,8.48
1321-P3,13,397.71,66.45,8.23
1321-P3,14,369.6,61.71,8.35
1321-P3,15,324.57,56.7,8.44
1321-P3,16,273.23,51.15,7.57
1321-P3,17,193.04,44.4,5.91
1321-P3,18,86.69,26.8,4.42
1324-P1,8,305.77,62.28,6.46
1324-P1,9,406.74,69.01,7.98
1324-P1,10,430.83,67.75,9.42
1324-P1,11,515.13,70.66,10.9
1324-P1,12,539.13,70.62,10.3
1324-P1,13,519.89,71.09,10.03
1324-P1,14,466.43,68.14,9.62
1324-P1,15,385.17,60.46,8.92
1324-P1,16,279.06,51.71,7.6
1324-P1,17,140.38,34.73,5.8
1324-P2,7,175.76,49.2,4.9
1324-P2,8,303.52,62.35,6.36
1324-P2,9,389.75,65.3,8.47
1324-P2,10,479.97,71.65,8.96
1324-P2,11,487.23,68.64,9.48
1324-P2,12,466.33,69.29,9.05
1324-P2,13,407.69,65.29,8.36
1324-P2,14,322.96,56.37,8.02
1324-P2,15,216.04,44.41,6.7
1324-P2,16,84.32,25.91,4.59
1324-P3,8,251.71,57.73,5.99
1324-P3,9,335.91,61.94,7.33
1324-P3,10,420.09,69.52,8.27
1324-P3,11,448.53,68.7,8.65
1324-P3,12,401.15,65.3,8.34
1324-P3,13,325.88,61.38,7.64
1324-P3,14,291.21,56.05,7.14
1324-P3,15,218.66,48.49,6.09
1324-P3,16,94.14,28.92,4.49
1323-P1,6,207.44,54.3,5.57
1323-P1,7,353.79,68.65,7.32
1323-P1,8,440.34,77.01,7.97
1323-P1,9,502.13,79.58,8.77
1323-P1,10,529.22,76.34,10.01
1323-P1,11,518.51,70.43,10.88
1323-P1,12,513.84,69.07,10.88
1323-P1,13,462.07,60.67,10.71
1323-P1,14,404.08,56.03,10.32
1323-P1,15,324.52,48.87,9.06
1323-P1,16,225.19,38.45,7.84
1323-P1,17,115.13,30.33,5.25
1323-P1,18,28.16,15.62,2.3
1323-P2,6,142.53,48.78,4.6
1323-P2,7,257.41,62.26,5.96
1323-P2,8,344.31,68.79,7.15
1323-P2,9,438.79,79.14,7.97
1323-P2,10,457.58,77.19,8.69
1323-P2,11,471.53,66.87,9.41
1323-P2,12,450.49,68.92,9.77
1323-P2,13,372.74,61.3,9.12
1323-P2,14,314.11,52.86,8.44
1323-P2,15,204.76,42.47,6.95
1323-P2,16,97.71,29.11,4.95
1323-P3,6,178.12,49.29,5.85
1323-P3,7,283.18,58.97,6.86
1323-P3,8,394.27,69.74,7.89
1323-P3,9,440.02,74.03,8.24
1323-P3,10,493.94,73,9.5
1323-P3,11,483.6,64.87,10.75
1323-P3,12,445.04,61.5,10.68
1323-P3,13,403.19,54.56,10.71
1323-P3,14,340.4,48.16,10.01
1323-P3,15,266.1,44.44,8.39
1323-P3,16,157.13,35.11,6.08
1323-P3,17,61.16,21.16,3.65
1338-P1,8,285.47,59.46,7.02
1338-P1,9,410.38,66.74,8.59
1338-P1,10,494.28,69.81,10.53
1338-P1,11,528.03,69.25,10.95
1338-P1,12,523.55,65.49,11.45
1338-P1,13,478.3,57.52,11.33
1338-P1,14,467.51,49.77,11.94
1338-P1,15,399.99,51.64,11.02
1338-P1,16,273.8,42.07,9.12
1338-P1,17,117.52,27.57,5.96
1338-P2,9,305.99,57.56,6.93
1338-P2,10,400.87,64.49,8.75
1338-P2,11,481.47,67.24,10.1
1338-P2,12,488.87,63.52,10.65
1338-P2,13,500.59,65.56,10.32
1338-P2,14,483.99,65.07,11.85
1338-P2,15,450.26,60.95,10.25
1338-P2,16,383.42,55.32,9.95
1338-P2,17,269.08,45.12,8.2
1338-P2,18,110.41,29.01,5.58
1338-P3,8,315.9,58.12,7.1
1338-P3,9,441.43,67.04,8.79
1338-P3,10,517.23,71.95,11.02
1338-P3,11,564.13,70.9,10.78
1338-P3,12,552.3,67.89,11.08
1338-P3,13,520.83,65.31,10.8
1338-P3,14,486.67,60.81,11.25
1338-P3,15,398.34,54.26,10.12
1338-P3,16,274.25,42.21,8.87
1338-P3,17,97.47,25.94,5.07
1331-P1,8,399.59,65.12,10.8
1331-P1,9,470.02,67.78,20.08
1331-P1,10,571.96,72.49,12.43
1331-P1,11,617.99,74.07,11.98
1331-P1,12,631.27,73.27,11.69
1331-P1,13,623.51,72.27,11.99
1331-P1,14,552.74,66.46,12.02
1331-P1,15,499.09,65.08,10.04
1331-P1,16,491.42,65.66,10.36
1331-P1,17,424.84,59.88,8.88
1331-P1,18,350.18,55.33,8.52
1331-P1,19,220.05,47.42,6.31
1331-P1,20,85.96,28.39,4.06
1331-P2,7,301.12,60.11,7.22
1331-P2,8,440.7,69.8,11
1331-P2,9,527.57,76.99,11.4
1331-P2,10,599.1,76.75,13.03
1331-P2,11,602.5,74.9,12.11
1331-P2,12,569.32,70.29,11.67
1331-P2,13,472.37,62.66,10.25
1331-P2,14,470.75,60.69,10.29
1331-P2,15,421.33,57.44,9.74
1331-P2,16,368.28,52.85,9.09
1331-P2,17,311.09,49.34,8.48
1331-P2,18,209.6,41.62,7.3
1331-P2,19,92.36,28.16,4.45
1331-P3,6,200.13,45.35,5.95
1331-P3,7,315.42,57.7,7.39
1331-P3,8,418.59,65.68,9.34
1331-P3,9,530.59,72.84,11.04
1331-P3,10,587.35,74.67,11.54
1331-P3,11,595.36,75.83,11.49
1331-P3,12,596.28,74.28,10.9
1331-P3,13,563.32,69.91,11.19
1331-P3,14,509.9,65.6,10.71
1331-P3,15,444.73,61.86,9.15
1331-P3,16,398.74,58.07,9.17
1331-P3,17,315.47,53.61,8.18
1331-P3,18,176.01,41.95,5.92
1331-P3,19,38.47,19.61,2.58
1337-P1,7,238.91,48.34,6.98
1337-P1,8,321.12,57.75,7.98
1337-P1,9,404.88,66.63,9.89
1337-P1,10,429.41,66.51,10.49
1337-P1,11,486.24,69.52,11.5
1337-P1,12,492.7,69.12,9.91
1337-P1,13,487.71,67.51,9.8
1337-P1,14,469.39,64.2,11.06
1337-P1,15,465.37,64.01,11.23
1337-P1,16,386.6,56.03,10.57
1337-P1,17,323.74,52.66,8.05
1337-P1,18,228.39,45.81,6.31
1337-P1,19,135.44,34.53,5.17
1337-P2,7,175.08,48.53,4.97
1337-P2,8,279.5,61.77,6.33
1337-P2,9,352.05,66.6,7.28
1337-P2,10,411.45,67.69,9.8
1337-P2,11,407.71,64.96,9.25
1337-P2,12,423.65,66.18,9.39
1337-P2,13,415.76,65.1,9.92
1337-P2,14,367.25,58.45,8.65
1337-P2,15,294.9,51.04,7.27
1337-P2,16,219.56,45.24,6.09
1337-P2,17,112.19,31.15,4.66
1337-P3,7,256.36,51.46,8.05
1337-P3,8,340.99,59.86,8.75
1337-P3,9,411.22,65.96,10.36
1337-P3,10,388.37,62.54,9.23
1337-P3,11,457.34,66.9,10.96
1337-P3,12,462.98,65.24,11.78
1337-P3,13,439.54,62.34,11.04
1337-P3,14,419.39,58.34,12.02
1337-P3,15,409.02,57.52,11.85
1337-P3,16,314.83,51.01,8.43
1337-P3,17,288.51,49.44,9.26
1337-P3,18,242.62,45.12,8.68
1337-P3,19,174.68,39.55,6
1337-P3,20,94.56,29.05,4.09
1336-P1,8,241.78,55.91,5.83
1336-P1,9,343.53,64.9,8.12
1336-P1,10,430.81,72.95,8.76
1336-P1,11,510.48,79.15,9.92
1336-P1,12,582.35,82.2,12.03
1336-P1,13,602.22,82.21,10.71
1336-P1,14,604.58,82.86,11.28
1336-P1,15,569.74,76.98,11.66
1336-P1,16,483.73,74.42,8.92
1336-P1,17,377.98,63.27,8.89
1336-P1,18,294.25,55.15,6.85
1336-P1,19,229.58,47.76,6.21
1336-P1,20,98.32,27.47,4.75
1336-P2,8,212.79,50.78,5.63
1336-P2,9,285.65,57.06,6.61
1336-P2,10,351.49,66.87,8.17
1336-P2,11,376.56,66.09,7.99
1336-P2,12,442.95,71.36,10.11
1336-P2,13,486.02,75.4,11.41
1336-P2,14,516.9,75.04,9.99
1336-P2,15,512.59,77.26,11.75
1336-P2,16,478.76,75.1,11.16
1336-P2,17,378.53,64.18,8.66
1336-P2,18,309.84,60.01,6.91
1336-P2,19,217.27,49.75,5.74
1336-P2,20,106.15,33.04,4.75
1336-P3,8,229.52,52.44,5.71
1336-P3,9,324.23,65.23,6.94
1336-P3,10,428.73,73,9.05
1336-P3,11,527.29,80.05,11.16
1336-P3,12,575.6,83.55,9.43
1336-P3,13,581.27,85.66,11.75
1336-P3,14,588.62,84.65,9.88
1336-P3,15,542.71,77.37,12.03
1336-P3,16,410.13,67.65,9.5
1336-P3,17,324.53,60.06,8.85
1336-P3,18,267.63,48.43,6.75
1336-P3,19,194.59,44.31,5.69
1336-P3,20,23.29,14.35,2.32
1330-P1,7,186.08,45.81,5.58
1330-P1,8,263.1,53.88,7.16
1330-P1,9,325.51,58.07,8.04
1330-P1,10,373.57,63.38,9.13
1330-P1,11,405.35,66.99,9.29
1330-P1,12,411.93,67.09,11.34
1330-P1,13,406.39,64.49,9.02
1330-P1,14,389.23,61.59,9.75
1330-P1,15,359.91,57.84,10.5
1330-P1,16,282.15,49.07,7.98
1330-P1,17,233.5,43.92,6.66
1330-P1,18,167.1,38.62,5.71
1330-P1,19,99.48,31.1,4.39
1330-P2,8,218.61,51.46,5.78
1330-P2,9,315.68,59.44,8.48
1330-P2,10,371.66,64.13,10.1
1330-P2,11,407.22,65.73,10.94
1330-P2,12,445.74,64.4,11.59
1330-P2,13,447.81,64.09,12.55
1330-P2,14,449.05,66.18,11.83
1330-P2,15,366.41,58.49,9.94
1330-P2,16,284.48,54.26,8.04
1330-P2,17,271.97,48.71,9.01
1330-P2,18,223.38,44.75,7.48
1330-P2,19,121.1,31.93,4.99
1330-P3,8,309.34,59.41,8.64
1330-P3,9,377,64.4,10.49
1330-P3,10,418,63.88,11.29
1330-P3,11,453.19,65.56,12.02
1330-P3,12,455.73,66.84,11.14
1330-P3,13,465.42,63.51,12.26
1330-P3,14,438.62,60.74,12.26
1330-P3,15,422,57.76,12.32
1330-P3,16,395.06,56.69,10.92
1330-P3,17,329.67,52.08,8.18
1330-P3,18,252.99,47.02,7.1
1330-P3,19,137.3,37.07,5.07
1329-P1,7,263.29,47.86,7.4
1329-P1,8,406.06,65.95,8.99
1329-P1,9,493.39,68.99,11.48
1329-P1,10,552.27,71.59,12.28
1329-P1,11,574.52,68.67,12.54
1329-P1,12,504.3,61.25,11.45
1329-P1,13,424.68,55.18,10.92
1329-P1,14,349.15,51.29,10.13
1329-P1,15,236.56,42.15,8.2
1329-P1,16,116.65,33.01,5.4
1329-P2,6,114.32,34.88,4.45
1329-P2,7,210.89,47.16,6.15
1329-P2,8,354.46,60.63,8.14
1329-P2,9,430.86,66.48,9.4
1329-P2,10,511.38,68.91,10.84
1329-P2,11,526.25,68.54,10.74
1329-P2,12,494.52,66.46,10.53
1329-P2,13,429.12,61.99,9.79
1329-P2,14,343.27,54.43,8.93
1329-P2,15,232.58,43.61,7.49
1329-P2,16,98.18,30.66,4.5
1329-P3,6,129.18,40.47,4.88
1329-P3,7,252.32,50.37,7.06
1329-P3,8,381.88,61.99,9.71
1329-P3,9,494.55,69.18,11.62
1329-P3,10,543.13,71.39,12.52
1329-P3,11,557.9,68.92,12.19
1329-P3,12,503.2,62.73,11.44
1329-P3,13,430.21,58.51,10.55
1329-P3,14,347.76,49.93,9.97
1329-P3,15,249.98,44.03,8.05
1329-P3,16,136.88,34.82,5.61
1332-P1,9,296.16,65.05,6.61
1332-P1,10,377.99,70.94,7.52
1332-P1,11,404.48,68.22,8.4
1332-P1,12,414.54,72.69,8.05
1332-P1,13,418.36,71.19,8.55
1332-P1,14,388.33,68.57,7.82
1332-P1,15,343.31,65.26,7.39
1332-P1,16,289.69,56.79,6.94
1332-P1,17,245.76,51.48,6.23
1332-P1,18,197.56,48.92,5.5
1332-P1,19,138.66,41.55,4.53
1332-P1,20,71.12,28.75,3.52
1332-P2,8,239.14,60.07,5.78
1332-P2,9,318.79,66.08,6.81
1332-P2,10,378.13,70.28,8.31
1332-P2,11,437.37,74.83,8.75
1332-P2,12,450.89,76.87,8.98
1332-P2,13,439.31,75.41,8.51
1332-P2,14,408.42,72.69,8.05
1332-P2,15,365.74,67.76,7.61
1332-P2,16,319.97,62.67,6.99
1332-P2,17,268.84,56.13,6.54
1332-P2,18,208.73,50.91,5.57
1332-P2,19,160.6,45.42,4.92
1332-P2,20,85.44,33.15,3.59
1332-P2,21,37.6,18.94,2.7
1332-P3,8,210.42,58.3,5.11
1332-P3,9,295.81,67.54,6.28
1332-P3,10,368.5,73.33,7.24
1332-P3,11,415,73.6,7.97
1332-P3,12,434.03,77.56,8.57
1332-P3,13,434.05,75.29,8.26
1332-P3,14,398.53,73.26,7.6
1332-P3,15,369.31,69.35,7.57
1332-P3,16,315.58,63.94,6.77
1332-P3,17,268.02,58.23,6.35
1332-P3,18,204.97,52.47,5.41
1332-P3,19,138.36,42.96,4.49
1332-P3,20,75.32,34.65,3.34
1334-P1,8,303.67,58.18,6.99
1334-P1,9,427.84,68.31,8.77
1334-P1,10,532.55,74.25,11.28
1334-P1,11,584.3,77.08,10.98
1334-P1,12,596.84,72.86,12.2
1334-P1,13,562.47,69.58,12.12
1334-P1,14,559.7,65.73,13.1
1334-P1,15,412.47,55.94,10.61
1334-P1,16,238.51,45.5,7.84
1334-P1,17,109.44,28.38,5.44
1334-P2,7,180.43,47.91,5.74
1334-P2,8,295.27,58.68,7
1334-P2,9,436.11,67.83,8.97
1334-P2,10,513.77,72.68,10.49
1334-P2,11,501.88,66.44,12.33
1334-P2,12,504.5,67.19,11.58
1334-P2,13,465.78,60.43,11.33
1334-P2,14,458.34,59.81,11.79
1334-P2,15,396.44,55.09,10.5
1334-P2,16,285.83,44.79,9.17
1334-P2,17,200.57,37.67,7.69
1334-P2,18,24.09,13.96,2.52
1334-P3,8,247.04,56.11,6.73
1334-P3,9,405.73,65.81,8.63
1334-P3,10,508.22,70.62,11.13
1334-P3,11,589.22,74.41,12.51
1334-P3,12,591.63,73.62,12.08
1334-P3,13,572.37,74.01,12.69
1334-P3,14,505.1,66.77,11.28
1334-P3,15,407.52,54.66,10.9
1334-P3,16,274.69,45.91,8.92
1334-P3,17,102.42,30.67,4.62
1333-P1,7,199.88,47.78,5.86
1333-P1,8,272.61,56.78,6.86
1333-P1,9,368.39,66.97,8.4
1333-P1,10,390.77,68.21,9.12
1333-P1,11,420.66,66.51,11.05
1333-P1,12,435.47,68.68,8.69
1333-P1,13,420.22,63.75,10.09
1333-P1,14,397.14,61.67,9.29
1333-P1,15,366.05,57.47,10.99
1333-P1,16,327.07,53.84,7.89
1333-P1,17,265.11,48.79,7.65
1333-P1,18,192.4,43.92,5.95
1333-P1,19,103.8,31.8,4.49
1333-P2,8,262.47,59.16,6.24
1333-P2,9,345.76,65.3,7.28
1333-P2,10,350.55,66.82,8.11
1333-P2,11,368.16,62.52,9.5
1333-P2,12,375.09,64.39,8.04
1333-P2,13,348.34,58.67,8.88
1333-P2,14,320.22,56.08,7.86
1333-P2,15,259.65,48.27,6.71
1333-P2,16,188.93,42.4,5.86
1333-P2,17,124.51,36.64,4.27
1333-P2,18,53.32,22.77,3.24
1333-P3,8,267.34,54.4,6.99
1333-P3,9,356.08,63.69,7.61
1333-P3,10,426.31,68.34,9.6
1333-P3,11,426.62,70.34,10.19
1333-P3,12,459.51,62.62,11.14
1333-P3,13,478.74,67.58,11.43
1333-P3,14,459.02,67.65,10.05
1333-P3,15,346.12,63.91,8.15
1333-P3,16,337,56.9,7.86
1333-P3,17,289.74,52.58,8.48
1333-P3,18,208.55,45.21,6.36
1333-P3,19,134.28,39.15,4.93
1333-P3,20,62.6,27.53,3.43
1335-P1,8,293.64,58.14,7.4
1335-P1,9,383.05,64.76,8.07
1335-P1,10,445.28,68.06,9.01
1335-P1,11,451.66,71.05,9.14
1335-P1,12,456.47,66.67,10.09
1335-P1,13,413.1,63.62,9.25
1335-P1,14,378.54,60.02,9.26
1335-P1,15,343.57,59.41,8.65
1335-P1,16,277.08,50.27,7.89
1335-P1,17,171.21,40.79,5.76
1335-P2,8,300.89,53.14,7.68
1335-P2,9,402.57,58.72,8.6
1335-P2,10,470.44,70.3,9.29
1335-P2,11,490.97,69.66,9.67
1335-P2,12,481.65,69.11,9.92
1335-P2,13,474.65,67.96,10.07
1335-P2,14,415.58,62.55,9.71
1335-P2,15,367.16,59.01,8.97
1335-P2,16,289.29,53.71,7.55
1335-P2,17,149.97,37.68,5.46
1335-P3,7,236.36,52.26,6.84
1335-P3,8,346.18,60.26,8.47
1335-P3,9,441.29,67.74,9.35
1335-P3,10,503.92,68.98,9.87
1335-P3,11,504.88,62.15,10.2
1335-P3,12,513.39,69.69,10.46
1335-P3,13,487.96,67.91,10.88
1335-P3,14,441.98,63.13,9.99
1335-P3,15,394.25,61.32,9.56
1335-P3,16,330.04,56.96,8.18
1335-P3,17,184.91,42.41,5.8
1340-P1,7,317.6,62.14,6.98
1340-P1,8,443.15,70.98,8.72
1340-P1,9,539.1,76.53,9.77
1340-P1,10,583.8,72.28,10.2
1340-P1,11,612.53,79.04,10.26
1340-P1,12,578.71,74.22,10.21
1340-P1,13,526.68,71.44,10.33
1340-P1,14,448.48,63.31,9.75
1340-P1,15,413.83,58.44,9.31
1340-P1,16,351.2,54.43,9.01
1340-P1,17,279.74,48.93,7.76
1340-P1,18,177.24,41.35,5.95
1340-P1,19,52.66,20.53,3.8
1340-P2,7,376.04,66.4,7.85
1340-P2,8,473.69,74.31,9.13
1340-P2,9,604.11,80.58,10.92
1340-P2,10,623.2,79.76,11.4
1340-P2,11,650.64,78.78,11.37
1340-P2,12,615.26,75.36,10.95
1340-P2,13,570.56,72.55,10.3
1340-P2,14,500.64,68.85,9.87
1340-P2,15,442.87,63.73,9.6
1340-P2,16,385.73,59.46,8.93
1340-P2,17,309.57,54.42,8.02
1340-P2,18,197.63,46.25,6.13
1340-P2,19,80.9,28.83,4.18
1340-P3,7,309.79,61.23,7.06
1340-P3,8,422.83,70.86,8.23
1340-P3,9,525.41,76.06,9.81
1340-P3,10,590.11,80.17,10.22
1340-P3,11,603.32,81.3,9.93
1340-P3,12,593.38,73.37,10.14
1340-P3,13,553.57,69.87,9.75
1340-P3,14,490.25,68.43,9.45
1340-P3,15,436,63.69,9.27
1340-P3,16,365.38,58.71,8.48
1340-P3,17,293.34,53.22,7.61
1340-P3,18,192.21,45.34,5.87
1340-P3,19,61.94,24.49,3.51
1339-P1,9,361.43,71.17,7.31
1339-P1,10,376.87,70.1,7.75
1339-P1,11,442.94,79.32,8.27
1339-P1,12,458.95,82.47,8.17
1339-P1,13,451.97,78.25,8.42
1339-P1,14,406,74.73,7.95
1339-P1,15,379.82,68.69,7.91
1339-P1,16,315.39,64.61,6.57
1339-P1,17,259.15,57.1,6.11
1339-P1,18,198.21,51.45,5.47
1339-P1,19,136.49,43.52,4.35
1339-P1,20,63.9,29.4,3.48
1339-P2,9,316.6,65.59,7.06
1339-P2,10,386.8,71.14,7.69
1339-P2,11,426.99,74.05,8.56
1339-P2,12,433.66,74.42,8.53
1339-P2,13,413.71,71.89,8.75
1339-P2,14,380.22,68.88,8.47
1339-P2,15,318.08,64.86,7.52
1339-P2,16,285.28,58.8,7.47
1339-P2,17,238.53,55.97,6.23
1339-P2,18,186.07,46,5.76
1339-P2,19,143.82,42.35,4.88
1339-P2,20,98.6,36.44,4.1
1339-P2,21,38.43,20.29,2.91
1339-P3,9,316.79,66.74,7.04
1339-P3,10,378.53,71.63,7.8
1339-P3,11,406.37,73.78,8.39
1339-P3,12,451.8,75.06,8.98
1339-P3,13,438.22,74.78,8.72
1339-P3,14,406.03,70.56,8.24
1339-P3,15,365.12,68.77,7.47
1339-P3,16,331.95,62.7,7.4
1339-P3,17,274.05,59.21,6.75
1339-P3,18,212.63,50.14,5.75
1339-P3,19,152.78,44.04,4.96
1339-P3,20,96.41,35.27,3.94
1339-P3,21,39.66,21.04,2.93
1342-P1,8,329.93,59.02,8.21
1342-P1,9,387.41,64.89,8.61
1342-P1,10,432.72,66.77,9.64
1342-P1,11,485.81,71.74,9.56
1342-P1,12,464.27,67.89,10.09
1342-P1,13,458.29,68.72,9.85
1342-P1,14,418.32,66.21,9.41
1342-P1,15,362.13,63.25,8.64
1342-P1,16,271.54,52.8,7.23
1342-P1,17,174.56,42.96,5.86
1342-P2,7,234.94,50.99,6.72
1342-P2,8,278.06,52.52,7.97
1342-P2,9,420.94,67.76,8.81
1342-P2,10,464.5,71.14,9.47
1342-P2,11,475.76,71.75,9.8
1342-P2,12,448.13,67.91,9.97
1342-P2,13,418.05,66.51,9.59
1342-P2,14,371.23,62.83,8.79
1342-P2,15,302.05,56.69,7.8
1342-P2,16,251.97,50.1,7.04
1342-P2,17,126.3,36.3,5.13
1342-P3,7,237.24,53.14,6.5
1342-P3,8,356.99,65.13,8.13
1342-P3,9,421.3,68.16,8.89
1342-P3,10,504.82,75.17,9.52
1342-P3,11,522.62,73.64,10.29
1342-P3,12,479.19,69.97,10.49
1342-P3,13,402.15,59.98,10.29
1342-P3,14,390.42,62.14,10.03
1342-P3,15,343.13,59.23,8.75
1342-P3,16,288.26,54.12,7.57
1342-P3,17,190.1,45.91,5.84
1349-P1,7,246.54,61.46,21.86
1349-P1,8,303.31,64.18,6.15
1349-P1,9,321.86,66.72,6.73
1349-P1,10,313.67,61.81,6.78
1349-P1,11,221.48,53.68,6.46
1349-P1,12,61.7,29.84,2.95
1349-P2,6,181.49,52.18,4.89
1349-P2,7,273.86,63.16,5.73
1349-P2,8,339.75,66.44,6.82
1349-P2,9,337.08,62.19,6.99
1349-P2,10,288.52,59.18,6.83
1349-P2,11,186.52,51.68,5.38
1349-P3,6,212.68,58.86,5.26
1349-P3,7,325.83,68.08,5.98
1349-P3,8,393.7,74.82,6.99
1349-P3,9,413.62,72.01,7.9
1349-P3,10,362.72,64.73,7.67
1349-P3,11,263.11,56.85,6.86
1349-P3,12,67.94,30.87,3.33
1343-P1,7,356.68,64.11,7.65
1343-P1,8,491.61,75.31,9.24
1343-P1,9,588.2,81.05,9.31
1343-P1,10,663.76,84.14,11.04
1343-P1,11,677.29,82.79,11.4
1343-P1,12,650.13,78.25,11.5
1343-P1,13,592.13,74.27,11.32
1343-P1,14,503,66.96,10.9
1343-P1,15,400.63,59.79,10.12
1343-P1,16,189.66,46.06,6.17
1343-P2,7,283.86,67.93,6.41
1343-P2,8,456.28,74.95,8.46
1343-P2,9,584.09,82.8,9.39
1343-P2,10,652.46,87.1,10.43
1343-P2,11,667.61,87.29,10.76
1343-P2,12,646.86,81.74,11
1343-P2,13,565.37,73.51,10.88
1343-P2,14,488.66,67.39,10.16
1343-P2,15,382.65,59.8,9.47
1343-P2,16,272.02,51.28,7.94
1343-P3,7,307.22,64.79,6.82
1343-P3,8,458.52,74.85,8.38
1343-P3,9,574.19,84.91,8.98
1343-P3,10,635.12,87.19,10.17
1343-P3,11,644.51,85.28,10.51
1343-P3,12,600.57,81.04,10.38
1343-P3,13,538.04,72.47,10.54
1343-P3,14,450.18,63.73,10.12
1343-P3,15,392.89,59.54,9.47
1343-P3,16,273.72,52.17,7.84
1343-P3,17,155.19,38.07,6.03
1352-P1,8,207.34,51.17,5.69
1352-P1,9,263.77,52.85,6.35
1352-P1,10,358.91,69.22,7.69
1352-P1,11,401.55,70.9,9.22
1352-P1,12,435.65,73.5,9.53
1352-P1,13,432.75,70.31,9.85
1352-P1,14,374.8,54.52,9.14
1352-P1,15,316.26,59.57,8.03
1352-P1,16,278.92,55.19,7.36
1352-P1,17,221.44,45.79,6.82
1352-P1,18,167.04,41.35,5.63
1352-P1,19,101.48,31.84,4.37
1352-P2,7,115.61,40.07,3.93
1352-P2,8,180.22,44.66,5.48
1352-P2,9,288.4,62.03,6.6
1352-P2,10,361.81,68.69,7.85
1352-P2,11,412.14,73.66,8.92
1352-P2,12,444.77,74.1,9.92
1352-P2,13,419.55,69.29,9.76
1352-P2,14,397.84,64.69,12.74
1352-P2,15,328.83,59.14,8.76
1352-P2,16,276.11,55.66,7.51
1352-P2,17,229.96,48.18,6.67
1352-P2,18,166.34,42.97,5.61
1352-P2,19,83.11,28.83,4.12
1352-P3,8,197.04,51.61,5.42
1352-P3,9,270.8,53.4,6.49
1352-P3,10,354.46,66.31,7.94
1352-P3,11,413.79,71.51,8.79
1352-P3,12,418.17,72.44,8.64
1352-P3,13,415.54,69.5,9.33
1352-P3,14,386.78,64.63,9.7
1352-P3,15,331.54,60.34,8.31
1352-P3,16,284.54,54.02,7.65
1352-P3,17,235.82,47.45,7.02
1352-P3,18,183.38,43.2,5.83
1352-P3,19,115.82,35.76,4.46
1352-P3,20,51.47,18.95,3.71
1353-P1,7,156.11,46.68,4.78
1353-P1,8,262.66,58.6,6.37
1353-P1,9,374.34,69.59,7.36
1353-P1,10,484.74,74.87,9.02
1353-P1,11,568.98,81.92,10.36
1353-P1,12,613.73,73.06,10.78
1353-P1,13,647.2,84.33,11.04
1353-P1,14,622.8,80.86,10.91
1353-P1,15,575.28,78.98,11.58
1353-P1,16,482.52,74.15,8.98
1353-P1,17,377.28,68.44,7.78
1353-P1,18,228.14,50.98,6.38
1353-P2,8,239.95,61.91,5.42
1353-P2,9,366.23,72.42,7.4
1353-P2,10,480.73,76.64,8.63
1353-P2,11,571.17,79.52,9.77
1353-P2,12,615.5,88.31,10.21
1353-P2,13,633.71,85.64,10.33
1353-P2,14,608.18,81.96,10.2
1353-P2,15,454.14,69.21,9.42
1353-P2,16,420.86,70.66,8.22
1353-P2,17,303.02,60.18,7.14
1353-P2,18,193.6,45.02,5.54
1353-P3,8,241.68,62.59,5.91
1353-P3,9,379.8,69.49,7.22
1353-P3,10,499.43,72.14,8.99
1353-P3,11,540.21,79.91,9.99
1353-P3,12,610.05,83.25,11
1353-P3,13,616.02,83.58,10.45
1353-P3,14,599.9,81.81,10.45
1353-P3,15,512.53,73.09,9.8
1353-P3,16,375.11,59.72,8.01
1353-P3,17,282.3,57.04,7.28
1353-P3,18,197.6,41.03,5.95
1355-P1,8,226.17,52.37,5.65
1355-P1,9,341.71,68.89,6.82
1355-P1,10,389.67,64.66,7.57
1355-P1,11,516.24,82.62,8.47
1355-P1,12,555.55,87.93,8.96
1355-P1,13,556.88,86.27,9.04
1355-P1,14,536.54,85.96,9.37
1355-P1,15,497.22,80.6,8.94
1355-P1,16,465.3,78.24,9.06
1355-P1,17,403.37,73.08,8.38
1355-P1,18,331.83,66.07,7.97
1355-P1,19,236,50.96,6.91
1355-P1,20,162.4,42.02,6.09
1355-P2,9,355.54,61.26,7.05
1355-P2,10,472.76,81.74,7.84
1355-P2,11,533.97,85.04,8.71
1355-P2,12,567.45,87.88,9.23
1355-P2,13,564.51,86.17,9.12
1355-P2,14,560.12,88.16,10.92
1355-P2,15,519.61,82.6,9.14
1355-P2,16,452.51,78.58,8.71
1355-P2,17,397.26,72.33,8.43
1355-P2,18,309.31,62.24,8.05
1355-P2,19,238.38,51.81,7.07
1355-P2,20,156.8,38.71,6.03
1355-P3,8,217.27,54.35,5
1355-P3,9,346.66,69.81,6.61
1355-P3,10,464.91,81.93,7.43
1355-P3,11,548.69,90.38,9.17
1355-P3,12,613.52,90.12,9.12
1355-P3,13,610.47,90.12,9.75
1355-P3,14,586.51,88.96,9.71
1355-P3,15,555.6,83.79,9.58
1355-P3,16,475.68,81.37,9.15
1355-P3,17,408.92,62.24,9.24
1355-P3,18,334.85,66.25,8.13
1355-P3,19,250.36,54.28,7.27
1355-P3,20,114.73,34.87,5.03
1341-P1,8,202.66,51.72,5.18
1341-P1,9,296.13,64.13,6.14
1341-P1,10,385.32,73.03,7.33
1341-P1,11,463.36,79.79,8.1
1341-P1,12,535.27,86.41,9.38
1341-P1,13,583.57,84.29,9.68
1341-P1,14,574.47,81.41,11.75
1341-P1,15,545.21,77.53,9.91
1341-P1,16,398.88,61.35,8.92
1341-P1,17,354.55,60.1,8.31
1341-P1,18,275.9,54.11,7.12
1341-P1,19,139.29,36.11,5.34
1341-P2,9,342.11,65.3,7.07
1341-P2,10,431.45,72.96,8.23
1341-P2,11,501.06,80.28,9.57
1341-P2,12,544.19,86.97,10.67
1341-P2,13,557.1,81.33,11.38
1341-P2,14,550.52,81.21,11.37
1341-P2,15,548.8,78.89,10.29
1341-P2,16,496.58,72.81,9.6
1341-P2,17,392.1,64.13,8.48
1341-P2,18,304.34,59.94,7.91
1341-P2,19,210.63,48.8,6.27
1341-P2,20,123.99,38.69,4.92
1341-P3,9,290.01,69.52,5.82
1341-P3,10,370.29,79.48,7.43
1341-P3,11,455.27,82.07,8.47
1341-P3,12,536.71,87.89,8.81
1341-P3,13,542.69,85.82,9.28
1341-P3,14,553.49,84.73,9.13
1341-P3,15,515.6,82.09,9.34
1341-P3,16,465.47,77.17,8.79
1341-P3,17,382.57,69.34,8.86
1341-P3,18,302.79,60.83,7.16
1341-P3,19,192.83,48.76,5.86
1341-P3,20,119.02,37.44,4.6
1361-P1,10,522.33,98.81,7.88
1361-P1,11,566.59,85.63,9.51
1361-P1,12,625.69,93.18,9.8
1361-P1,13,533.18,77.79,10.17
1361-P1,14,430.33,70.28,9.26
1361-P1,15,315.98,61.43,7.85
1361-P1,16,118.88,34.94,5.26
1361-P2,9,617.55,97.17,10.14
1361-P2,10,644.88,90.74,10.45
1361-P2,11,667.88,88.01,11
1361-P2,12,650.13,83.65,11.08
1361-P2,13,527.49,73.16,10.24
1361-P2,14,412.48,64.04,9.14
1361-P2,15,237.07,48.42,7.31
1361-P2,16,93.42,26.6,4.81
1361-P3,10,575.75,86.05,9.86
1361-P3,11,736.64,91.65,11.08
1361-P3,12,698.49,90.33,11.2
1361-P3,13,607.39,79.42,11.45
1361-P3,14,514.27,72.08,10.8
1361-P3,15,401.41,61.93,9.58
1361-P3,16,294.59,52.74,8.23
1361-P3,17,150.55,37.07,6.11
1360-P1,7,200.49,54.16,4.96
1360-P1,8,321.43,66.16,6.66
1360-P1,9,417.82,73.89,7.96
1360-P1,10,387.69,72.99,7.85
1360-P1,12,451.94,71.38,10.42
1360-P1,13,424.62,68,9.58
1360-P1,14,328.82,58.82,8.83
1360-P1,15,329.64,59.18,8.61
1360-P1,16,216.56,46.82,7.03
1360-P1,17,130.84,34.76,5.2
1360-P2,12,496.12,78.66,8.98
1360-P2,13,570.48,86.3,9.34
1360-P2,14,568.16,85.13,9.63
1360-P2,15,472.77,72.31,9.25
1360-P2,16,479.62,70.54,8.97
1360-P2,17,403.79,67.62,8.03
1360-P2,18,330.97,62.69,7.11
1360-P2,19,231.82,53.6,6.11
1360-P3,9,416.93,75.22,7.74
1360-P3,11,624.32,92.86,9.81
1360-P3,12,673.64,93.69,10.14
1360-P3,13,666.94,90.55,10.58
1360-P3,14,567.43,79.49,10.76
1360-P3,15,556.52,77.22,10.81
1360-P3,16,505.13,71.55,10.04
1360-P3,17,386.69,59.88,9.16
1360-P3,18,254.12,48.55,7.62
1360-P3,19,76.39,25.66,4.29
1363-P1,7,188.19,54.06,4.7
1363-P1,8,229.36,56.84,5.29
1363-P1,9,223.23,55.71,5.46
1363-P1,10,197.3,52.27,5.3
1363-P1,11,132.76,42.8,4.66
1363-P1,12,36.86,24.04,2.51
1363-P2,7,166.84,54.5,4.05
1363-P2,8,227.63,59.75,5.71
1363-P2,9,252.68,58.46,6.56
1363-P2,10,222.26,54.48,6.23
1363-P2,11,128.53,42.7,4.88
1363-P3,7,171.8,53.74,4.37
1363-P3,8,221.44,58.79,5.33
1363-P3,9,268.86,60.51,6.71
1363-P3,10,201.97,55.04,5.51
1363-P3,11,125.78,39.77,4.79
1362-P1,7,222.79,56.86,5.78
1362-P1,8,325.08,67.48,6.52
1362-P1,9,433.9,76.56,7.73
1362-P1,10,506.32,83.06,8.11
1362-P1,11,532.11,82.25,8.71
1362-P1,12,524.98,82.06,8.71
1362-P1,13,480.56,75.64,9.09
1362-P1,14,397.23,70.03,8.55
1362-P1,15,294.58,60.21,7.36
1362-P1,16,140.86,43.23,5.04
1362-P2,7,321.24,62.13,7.2
1362-P2,8,460.27,74.66,8.58
1362-P2,9,593.84,79.15,10.37
1362-P2,10,652.21,79.97,10.93
1362-P2,11,625.15,78.15,11.91
1362-P2,12,648.05,75.8,12.14
1362-P2,13,529.51,64.64,12.14
1362-P2,14,490.35,61.18,11.19
1362-P2,15,349.35,55.35,9.43
1362-P2,16,161.55,39.88,6.4
1362-P3,7,217.04,56.32,5.83
1362-P3,8,339.29,67.45,6.65
1362-P3,9,458.58,74.53,8.21
1362-P3,10,542.5,82.14,9.85
1362-P3,11,539.05,75.05,10.37
1362-P3,12,514.22,76.33,9.97
1362-P3,13,488.93,73.93,9.66
1362-P3,14,406.07,70.33,8.81
1362-P3,15,257.19,58.36,6.95
1359-P1,8,287.69,67.16,5.89
1359-P1,9,322.93,67.82,6.4
1359-P1,10,318.4,64.52,6.58
1359-P1,11,268.58,59.6,6.75
1359-P1,12,190.53,50.56,5.8
1359-P1,13,103,34.79,4.47
1359-P2,7,270.87,65.71,5.99
1359-P2,9,414.09,72.74,8.32
1359-P2,10,403.92,70.49,8.17
1359-P2,11,387.78,67.51,8.56
1359-P2,12,297.25,59.51,7.72
1359-P2,13,188.73,46.83,6.08
1359-P3,7,290.5,65.07,5.92
1359-P3,8,351.39,70.62,6.74
1359-P3,9,373.77,70.23,7.33
1359-P3,10,383.9,69.79,8.06
1359-P3,11,323.76,62.48,7.16
1359-P3,12,197.59,46.21,6.19
1358-P1,11,491.56,91.08,9.04
1358-P1,12,563.44,85.57,10.61
1358-P1,13,603.7,94.03,9.73
1358-P1,14,633.73,96.69,10.72
1358-P1,15,613.72,91.63,10.7
1358-P1,16,573.31,84.76,9.92
1358-P1,17,536.08,81.25,10.56
1358-P1,18,488.65,76.39,9.04
1358-P1,19,424.25,71.41,8.38
1358-P1,20,332.84,63.46,7.7
1358-P1,21,165.81,42.35,6
1358-P2,10,571.96,91.47,9.7
1358-P2,11,642.19,94.08,10.13
1358-P2,12,613.8,88.91,10.47
1358-P2,13,615.92,87.19,10.4
1358-P2,14,601.44,83.02,10.08
1358-P2,15,529.76,75.33,10.04
1358-P2,16,488.41,71.55,9.38
1358-P2,17,406.62,66.12,8.65
1358-P2,18,289.14,54.68,7.72
1358-P2,19,159.96,39.55,5.84
1376-P1,8,360.88,75.05,6.69
1376-P1,10,435.96,70.66,8.42
1376-P1,11,452.91,75.38,9.04
1376-P1,12,390.62,68.94,7.99
1376-P1,13,274.9,55.43,7.14
1376-P2,7,292.01,64.42,6.39
1376-P2,8,388.24,72.35,8.31
1376-P2,9,441.03,74.16,8.64
1376-P2,10,420.67,70.75,9.12
1376-P2,11,366.15,62.23,8.6
1376-P2,12,295.04,56.81,7.72
1376-P2,13,222.39,48.3,6.78
1376-P2,14,133.05,37.34,5.43
1376-P3,7,327.17,66.11,6.64
1376-P3,9,452.24,69.35,9.19
1376-P3,10,494.21,72.25,10.59
1376-P3,11,410.53,63.65,9.31
1376-P3,12,268.21,53.72,7.31
1382-P1,8,282.24,62.39,6.45
1382-P1,10,508.22,77,10.91
1382-P1,11,573.28,74.7,10.62
1382-P1,12,626.9,84.3,11.19
1382-P1,13,594.48,81.93,11.27
1382-P1,14,555.2,77,11.2
1382-P1,15,396.08,65.85,10.58
1382-P1,16,362.71,61.47,9.66
1382-P1,17,312.95,56.83,8.23
1382-P1,18,178.63,41.43,6.12
1382-P2,9,342.06,70.33,6.98
1382-P2,10,444.4,76.71,8.92
1382-P2,11,522.62,82.12,9.3
1382-P2,12,538.73,81.61,10.79
1382-P2,13,562.27,77.74,9.7
1382-P2,14,516.06,74.13,10.25
1382-P2,15,452.04,71.3,8.55
1382-P2,16,334.77,56.38,7.81
1382-P2,17,288.07,55.91,7.19
1382-P2,18,206.23,47.18,6.17
1382-P2,19,118.54,34.37,4.78
1382-P3,8,245.34,59.03,6
1382-P3,9,346.98,66,7.33
1382-P3,10,429.87,71.45,8.67
1382-P3,11,509.17,76.93,10.55
1382-P3,12,570.65,75.91,11.04
1382-P3,13,591.59,80.79,11.09
1382-P3,14,579.72,78.19,11.08
1382-P3,15,552.73,73.45,10.83
1382-P3,16,499.3,73.36,9.7
1382-P3,17,393.24,63.94,8.61
1382-P3,18,285.46,53.85,7.39
1382-P3,19,169.35,40,5.81
1372-P1,8,497.4,66.57,9.41
1372-P1,9,656.14,81.95,10.57
1372-P1,10,721.01,77.35,11.67
1372-P1,11,738.26,84.75,11.91
1372-P1,12,684.8,77.13,11.83
1372-P1,13,570.77,70.34,11.42
1372-P1,14,520.65,65.5,11.49
1372-P1,15,380.18,57.15,9.53
1372-P1,16,185.14,44.75,5.67
1372-P2,7,366.05,62.72,7.93
1372-P2,8,545.94,76.77,9.64
1372-P2,9,660.09,83.98,11.57
1372-P2,10,688.83,82.73,12.12
1372-P2,11,715.38,81.61,12.85
1372-P2,13,538.79,65.21,12.69
1372-P2,14,493.13,63.89,11.08
1372-P2,15,419.06,57.49,10.9
1372-P2,16,294.13,49.77,8.62
1372-P3,9,488.19,78.19,8.1
1372-P3,10,575.91,80.07,9.47
1372-P3,11,586.24,80,9.88
1372-P3,12,540.87,75.46,9.76
1372-P3,13,458.95,66.56,9.67
1372-P3,14,388.59,59.66,9.19
1372-P3,15,307.68,52.59,8.46
1372-P3,16,187.98,42.22,6.11
1378-P1,10,548.89,97.41,8.18
1378-P1,11,578,89.96,9.21
1378-P1,12,558.48,85.66,9.74
1378-P1,13,504.1,80.91,9.19
1378-P1,14,403.02,69.91,8.42
1378-P1,15,280.5,61.42,6.49
1378-P1,16,146.24,40.74,5.12
1378-P2,10,641.59,86.49,10.74
1378-P2,11,738.26,90.23,11.47
1378-P2,12,720.49,87.72,11.74
1378-P2,13,645.27,80.67,11.65
1378-P2,14,589.32,78.19,11.56
1378-P2,15,470.39,69.32,10.24
1378-P2,16,243.23,51.22,7.08
1378-P3,10,559.34,95.62,8.37
1378-P3,11,590.23,80.91,8.98
1378-P3,12,603.3,83.58,10.2
1378-P3,13,616.14,88.8,10.45
1378-P3,14,557.64,81.94,10.22
1378-P3,15,435.67,72.36,8.85
1378-P3,16,225.39,54.48,6.42
1374-P1,10,343.31,71.83,7.01
1374-P1,11,457.19,79.19,8.76
1374-P1,12,527.54,86.77,9.19
1374-P1,13,545.66,87.57,9.34
1374-P1,14,581.73,89.74,9.22
1374-P1,15,574.7,88.32,9.43
1374-P1,16,516.58,79.66,9.15
1374-P1,17,475.36,76.39,9.41
1374-P1,18,429.92,67.66,9.06
1374-P1,19,361.73,62.35,8.19
1374-P1,20,293.36,54.6,7.78
1374-P1,21,184.97,44.15,6.07
1374-P1,22,75.09,24.97,4.49
1374-P2,8,333.01,67.7,6.53
1374-P2,9,478.22,80.02,7.93
1374-P2,10,579.82,89.07,9.8
1374-P2,11,635.5,94.54,10.08
1374-P2,12,635.86,79.81,10.55
1374-P2,13,714.24,95.33,10.47
1374-P2,14,679.75,91.32,10.26
1374-P2,15,600.33,82.96,10.32
1374-P2,16,595.46,82.26,10.14
1374-P2,17,495.48,74.74,9.37
1374-P2,18,387.61,61.82,8.94
1374-P2,19,250.32,49.28,6.87
1374-P2,20,94.19,24.89,5.29
1374-P3,10,411.89,75.34,10.45
1374-P3,12,585.07,85.97,11.87
1374-P3,13,624.54,90.15,11.37
1374-P3,14,647.96,90.05,12.02
1374-P3,15,620.36,86.4,11.72
1374-P3,16,609.56,85.69,11.33
1374-P3,17,562.08,79.01,11.04
1374-P3,18,525.95,74.84,10.54
1374-P3,19,441.03,67.45,9.34
1374-P3,20,375.61,60.6,9.02
1374-P3,21,322.89,55.53,8.06
1374-P3,22,200.45,41.75,6.8
1374-P3,23,83.76,25.7,4.67
1369-P1,8,170.07,49.24,5.18
1369-P1,9,248.18,57.08,6.87
1369-P1,10,298.24,62.4,8.79
1369-P1,11,348.86,66.34,10.08
1369-P1,12,365.89,67.6,9.76
1369-P1,13,371.05,64.37,10.04
1369-P1,14,326.54,58.24,11.06
1369-P1,15,306.23,57.05,8.96
1369-P1,16,255.99,52.4,7.19
1369-P1,17,234.15,49.68,6.86
1369-P1,18,187.53,42.8,6.1
1369-P1,19,125.48,36.04,4.87
1369-P1,20,66.37,23.12,3.97
1369-P2,9,256.94,57.72,6.79
1369-P2,10,327.28,64.45,8.94
1369-P2,11,374.22,69.37,9.7
1369-P2,12,401.44,69.1,11.2
1369-P2,13,401.14,68.56,10.12
1369-P2,14,328.65,55.98,9.72
1369-P2,15,332.02,57.37,9.91
1369-P2,16,292.31,53.44,7.96
1369-P2,17,231.37,43.91,7.49
1369-P2,18,181.68,41.24,6.19
1369-P2,19,105.36,32.17,4.67
1369-P3,8,162.12,50.67,4.93
1369-P3,9,240.3,55.85,6.82
1369-P3,10,312.03,64.49,8.22
1369-P3,11,363.73,69.41,10.5
1369-P3,12,398.27,71.59,10.8
1369-P3,13,404.17,67.59,10.12
1369-P3,14,384.75,66.35,8.94
1369-P3,15,342.92,61.54,10.63
1369-P3,16,303.04,57.02,7.44
1369-P3,17,244.48,50.55,6.66
1369-P3,18,189.6,45.17,5.91
1369-P3,19,120.6,35.9,4.62
1371-P1,8,287.59,67.52,5.58
1371-P1,9,367.53,77.86,6.41
1371-P1,10,469.28,85.05,7.89
1371-P1,11,494.91,88.4,7.75
1371-P1,12,556.72,91.31,8.71
1371-P1,13,565.68,91.02,8.96
1371-P1,14,510.13,82.25,9.15
1371-P1,15,435.8,73.18,8.64
1371-P1,16,427.99,70.72,8.55
1371-P1,17,356.77,64.39,7.48
1371-P1,18,283.57,56.48,7.07
1371-P1,19,189.33,48.94,5.41
1371-P1,20,102.15,34.68,4.1
1371-P2,10,360.14,80.88,6.53
1371-P2,11,392.93,83.57,24.89
1371-P2,12,419.49,85.25,7.12
1371-P2,13,431.97,81.37,7.65
1371-P2,14,406.14,75.14,7.88
1371-P2,15,369.65,66.88,8.14
1371-P2,16,331.62,61.12,7.93
1371-P2,17,279.03,51.9,7.77
1371-P2,18,221.01,46.02,7.23
1371-P2,19,159.03,40.59,5.99
1371-P2,20,75.42,28.85,4.06
1371-P3,11,351.25,76.95,6
1371-P3,12,401.02,90.07,6.09
1371-P3,14,399.27,78.22,7.06
1371-P3,15,358,71.48,7.1
1371-P3,16,306.94,62.94,7.08
1371-P3,17,253.34,54.93,6.7
1371-P3,18,207.14,48.58,5.98
1371-P3,19,155.07,40.73,5.2
1371-P3,20,89.73,31.35,3.85
1367-P1,10,355.76,69.31,6.85
1367-P1,11,404.04,70.06,9.27
1367-P1,12,520.8,83.82,10.13
1367-P1,13,553.12,81.78,10.32
1367-P1,14,551.21,85.55,9.58
1367-P1,15,558.8,86.24,9.06
1367-P1,16,529.68,84.22,9.04
1367-P1,17,460.08,79.64,8.76
1367-P1,18,390.94,71.69,8.56
1367-P1,19,303.24,59.86,7.95
1367-P1,20,199.9,48.8,6.46
1367-P1,21,107.24,37.15,4.29
1367-P2,10,367.56,71.6,6.9
1367-P2,11,465.88,80.46,9.04
1367-P2,12,543.83,88.24,10.38
1367-P2,13,575.25,88.64,9.66
1367-P2,14,585.27,87.46,9.55
1367-P2,15,534.39,84.27,8.98
1367-P2,16,479.92,76.17,9.04
1367-P2,17,429.46,72.22,8.7
1367-P2,18,373.37,68.62,8.55
1367-P2,19,280.17,56.62,7.62
1367-P2,20,194.83,47.1,6.46
1367-P2,21,64.91,27.82,3.54
1367-P3,9,304.65,70.67,5.63
1367-P3,10,394.99,83.02,6.61
1367-P3,11,464.83,84.76,8.09
1367-P3,12,492.55,72.71,8.79
1367-P3,13,544.21,85.84,8.65
1367-P3,14,512.51,85.21,8.18
1367-P3,15,463.5,78.22,8.65
1367-P3,16,393.07,71.36,8.73
1367-P3,17,313.38,60.51,8.13
1367-P3,18,217.35,50.53,6.9
1367-P3,19,116.08,38.76,5.04
1370-P1,8,236.1,52.12,6.33
1370-P1,9,286.52,56.28,7.03
1370-P1,10,299.41,55.45,7.44
1370-P1,11,309.18,55.61,8.13
1370-P1,12,276.94,52.47,7.6
1370-P1,13,213.01,47.66,6.81
1370-P1,14,110.71,38.31,4.67
1370-P2,9,286.86,61.12,6.62
1370-P2,10,306.45,61.09,7.13
1370-P2,11,293.48,58.6,7.23
1370-P2,12,251.8,53.18,6.95
1370-P2,13,190.41,46.59,5.99
1370-P2,14,68.43,28.81,3.38
1370-P3,9,295.55,61,6.82
1370-P3,10,325.75,60.97,7.18
1370-P3,11,317.63,59.68,7.64
1370-P3,12,280,56.95,7.18
1370-P3,13,220.89,49.44,6.56
1370-P3,14,84.62,34.47,3.63
1379-P1,10,639.77,78.11,11.98
1379-P1,12,647.89,76.91,12.49
1379-P1,13,524.25,64.91,12.29
1379-P1,14,587.94,71.47,11.5
1379-P1,15,541.72,66.51,11.49
1379-P1,16,482.51,63.64,10.41
1379-P1,17,354.04,56.39,8.63
1379-P1,18,124.78,35.12,4.99
1379-P2,8,359.89,62.88,8.31
1379-P2,9,496.28,74.11,9.96
1379-P2,10,586.09,78.76,11.25
1379-P2,11,653.91,82.22,11.45
1379-P2,12,670.92,78.87,12.1
1379-P2,13,612.02,75.92,11.24
1379-P2,14,537.29,65.94,11.12
1379-P2,15,481.35,62.38,10.66
1379-P2,16,426.05,61.07,9.64
1379-P2,17,237.5,48.95,6.86
1379-P3,7,334.66,59.24,7.48
1379-P3,8,462.57,68.63,9.68
1379-P3,9,597.45,76.11,11.13
1379-P3,10,701.28,81.05,12.39
1379-P3,11,680.89,78.38,12.28
1379-P3,12,700.21,77.95,12.84
1379-P3,13,661.9,77.43,12.65
1379-P3,14,559.04,67.66,12.07
1379-P3,15,554.22,65.92,12.03
1379-P3,16,441.68,59.6,10.91
1379-P3,17,265.07,48.65,7.81
1322-P1,7,263.71,55.05,7.03
1322-P1,8,376.05,64.22,8.64
1322-P1,9,443.54,68.38,9.7
1322-P1,10,500.56,71.06,10.86
1322-P1,11,522.17,71.66,11.23
1322-P1,12,492.75,69.26,11.29
1322-P1,13,469.43,67.2,10.53
1322-P1,14,436.74,65.96,9.84
1322-P1,15,378.34,60.7,9.35
1322-P1,16,299.52,54.3,7.89
1322-P1,17,172.26,40.79,5.97
1322-P2,7,216.18,45.71,6.46
1322-P2,8,323.73,60.91,7.52
1322-P2,9,394.29,68.34,8.33
1322-P2,10,445.55,70.78,9.58
1322-P2,11,468.02,69.68,9.72
1322-P2,12,458.5,67.85,10.03
1322-P2,13,415.12,64.55,9.31
1322-P2,14,366.2,58.57,9.21
1322-P2,15,300.99,52.51,8.35
1322-P2,16,243.52,48.46,6.98
1322-P2,17,157.37,39.99,5.51
1322-P3,7,227.62,50.24,6.74
1322-P3,8,333.24,60.6,7.9
1322-P3,9,436.58,68.87,9.5
1322-P3,10,485.39,71.38,10.46
1322-P3,11,503.26,72.28,11.17
1322-P3,12,475.78,69.18,10.79
1322-P3,13,457.56,66.72,10.66
1322-P3,14,390.69,62.03,9.7
1322-P3,15,332.11,58.18,8.46
1322-P3,16,242.01,51,7.03
1322-P3,17,128.68,36.32,5.09
1318-P1,9,319.91,62.28,7.04
1318-P1,10,376.82,70.29,7.88
1318-P1,11,416.17,72.65,8.51
1318-P1,12,436.16,72.32,9.26
1318-P1,13,429.03,70.35,10.17
1318-P1,14,415.49,67.28,9.08
1318-P1,15,384.09,64,8.55
1318-P1,16,339.62,60.36,7.94
1318-P1,17,287.31,57.04,7.2
1318-P1,18,236.77,49.76,6.83
1318-P1,19,180.09,42.71,6.23
1318-P1,20,126.2,35.88,5.16
1318-P1,21,55.22,23.17,3.72
1318-P2,10,400.45,69.53,8.31
1318-P2,11,437.08,73.31,8.84
1318-P2,12,444.92,72.72,9.02
1318-P2,13,438.09,71.61,8.86
1318-P2,14,405.4,65.8,8.69
1318-P2,15,346.8,61.58,7.77
1318-P2,16,307.01,57.2,7.51
1318-P2,17,249.53,50.31,6.97
1318-P2,18,189.62,43.29,6.4
1318-P2,19,147.17,38.78,5.41
1318-P2,20,85.08,29.34,4.04
1318-P2,21,29.72,16.51,2.72
1318-P3,9,250.57,60.63,5.69
1318-P3,10,314.41,67.24,6.99
1318-P3,11,369.79,70.24,7.67
1318-P3,12,381.31,69.06,8.26
1318-P3,13,361.4,66,7.89
1318-P3,14,316.86,59.21,7.57
1318-P3,15,288.03,56.15,7.35
1318-P3,16,245.32,51.32,6.89
1318-P3,17,203.15,47.41,6.23
1318-P3,18,150.81,41.43,5.46
1318-P3,19,95.29,33.64,4.12
1318-P3,20,35.71,18.08,2.83
1310-P1,8,251.75,56.68,6.14
1310-P1,9,325.03,66.21,6.99
1310-P1,10,409.56,72.14,8.02
1310-P1,11,436.53,73.44,8.92
1310-P1,12,454.12,73.28,9.5
1310-P1,13,450.81,71.32,8.93
1310-P1,14,443.48,64.47,9.28
1310-P1,15,391.12,64.62,8.89
1310-P1,16,330.72,59.37,8.11
1310-P1,17,268.22,53.54,7.69
1310-P1,18,204.71,45.46,6.82
1310-P1,19,151.82,41.08,5.66
1310-P1,20,90.57,30.54,4.42
1310-P2,8,227.04,55.19,5.74
1310-P2,9,299.63,62.73,6.65
1310-P2,11,435.98,72.56,9.06
1310-P2,12,431.87,70.45,8.83
1310-P2,13,430.8,69.41,8.95
1310-P2,14,387.54,64.06,8.72
1310-P2,15,365.48,60.31,8.24
1310-P2,16,309.74,57.51,7.56
1310-P2,17,251.5,51.6,7.11
1310-P2,18,204,48.71,6.16
1310-P2,19,139.92,39.23,5.21
1310-P2,20,82.55,28.57,4.16
1310-P3,8,204.19,53.02,5.12
1310-P3,9,303.05,63.71,6.46
1310-P3,11,415.78,73.5,8.21
1310-P3,12,430.19,75.03,8.51
1310-P3,13,411.03,69.03,8.35
1310-P3,14,360.39,63.65,8.13
1310-P3,15,335.66,60.41,7.78
1310-P3,16,284.59,55.18,7.15
1310-P3,17,230.21,49.93,6.49
1310-P3,18,172.12,44.23,5.79
1310-P3,19,106.05,35.44,4.55
1301-P1,8,416.49,68.76,8.02
1301-P1,9,474.64,65.36,9.08
1301-P1,10,550.34,79.98,10.34
1301-P1,12,462.78,67.69,11.13
1301-P2,9,512.88,80.93,9
1301-P2,10,536.71,78.24,10.1
1301-P2,11,530.69,74.83,10.7
1301-P2,12,490.08,69.33,10.87
1301-P2,13,439.37,64.17,10.7
1301-P2,14,369.17,56.38,10.38
1301-P2,15,261.71,49.01,7.7
1301-P2,16,208.47,41.69,7.24
1301-P2,17,128.54,32.73,5.88
1301-P2,18,50.07,20.48,3.46
1301-P3,8,360.04,63.53,7.47
1301-P3,9,490.87,77.67,9.06
1301-P3,10,519.84,76.79,9.97
1301-P3,11,505.73,71.68,10.09
1301-P3,12,484.61,69.64,10.8
1301-P3,13,424.98,62.33,10.63
1301-P3,14,368.15,57.54,10.65
1301-P3,15,301.67,48.49,9.67
1301-P3,16,210.61,41.14,7.69
1301-P3,17,141.7,32.78,6.24
1301-P3,18,55.84,22.2,3.19
1306-P1,9,284.06,64.15,7.1
1306-P1,10,362.73,63.11,9.32
1306-P1,11,428.15,72.61,10.11
1306-P1,12,449.2,64.89,10.2
1306-P1,13,431.46,72.63,9.79
1306-P1,14,382.96,66.66,8.98
1306-P1,15,338.99,64.61,8.73
1306-P1,16,273.54,57.8,7.45
1306-P1,17,205.25,49.03,8.15
1306-P1,18,179.48,46.91,5.86
1306-P1,19,133.8,39.95,4.66
1306-P1,20,75.56,27.68,3.77
1306-P2,9,284.1,64.22,6.58
1306-P2,10,352.48,69.63,8.43
1306-P2,11,405.39,70.92,9.3
1306-P2,12,428.75,73.21,8.67
1306-P2,13,404.33,68.82,9.21
1306-P2,14,369.47,66.53,8.46
1306-P2,15,320.7,61.46,8.13
1306-P2,16,277.26,58.5,8.03
1306-P2,17,206.69,49.85,7.15
1306-P2,18,185.44,47.38,7.11
1306-P2,19,151.65,43.89,4.98
1306-P2,20,104.05,36.62,3.96
1306-P3,9,302.67,65.61,7.51
1306-P3,10,381.08,71.11,9.87
1306-P3,11,431.83,73.95,10.21
1306-P3,12,452.77,74.04,10.49
1306-P3,13,454.22,71.44,10.61
1306-P3,14,422.65,71.33,8.76
1306-P3,15,372.23,63.86,9.33
1306-P3,16,331.57,65.11,9.09
1306-P3,17,260.6,56.36,8.35
1306-P3,18,219.05,53.01,7.96
1306-P3,19,209.49,50.42,7.07
1306-P3,20,147.15,44.93,5.2
1307-P1,8,325.28,61.98,8.28
1307-P1,9,414.01,65.97,10.53
1307-P1,10,405.04,55.7,9.54
1307-P1,11,498.92,68.79,11.4
1307-P1,12,494.77,69.29,11.08
1307-P1,13,495.96,66.22,11.61
1307-P1,14,473.9,65.37,11.16
1307-P1,15,424.95,58.78,11.61
1307-P1,16,376.28,54.97,11.94
1307-P1,17,282.21,49.03,8.71
1307-P1,18,222.53,42.45,8.61
1307-P1,19,103.04,30.84,4.45
1307-P2,9,381.94,66.92,8.17
1307-P2,10,425,71.31,10.22
1307-P2,11,448.31,70.08,9.83
1307-P2,12,466.2,67.56,10.78
1307-P2,13,458.51,66.49,10.83
1307-P2,14,404.4,60.38,11.57
1307-P2,15,330.46,51.6,11.5
1307-P2,16,303.34,49.53,10.57
1307-P2,17,235.22,44.25,8.67
1307-P2,18,148.8,38.72,5.98
1307-P2,19,84.93,29.43,3.75
1307-P3,8,292.25,56.32,8.28
1307-P3,9,387.01,62.4,9.34
1307-P3,10,436.94,67.7,10.54
1307-P3,11,462,66.69,11.36
1307-P3,12,466.79,65.86,12.22
1307-P3,13,469.59,64.73,11.78
1307-P3,14,431.1,60.15,11.53
1307-P3,15,372.69,57.23,11.85
1307-P3,16,349.01,54.4,11.41
1307-P3,17,288.37,49.07,8.59
1307-P3,18,214.95,42.11,7.98
1307-P3,19,141.53,37.34,5.75
1307-P3,20,69.22,25.55,3.51
1305-P1,9,386.71,63.99,8.58
1305-P1,10,428.19,67.14,9.14
1305-P1,11,414.57,64.16,9.58
1305-P1,12,370.86,60.26,9.25
1305-P1,13,321.02,54.71,8.73
1305-P1,14,285.58,50.05,8.05
1305-P1,15,238.85,46.45,7.28
1305-P1,16,172.78,41.15,5.86
1305-P1,17,91.9,29.8,4.37
1305-P2,9,329.89,62.41,7.6
1305-P2,10,388.26,64.45,8.73
1305-P2,11,394.98,67.47,8.44
1305-P2,12,379.78,67.75,8.19
1305-P2,13,334.32,58.23,8.52
1305-P2,14,279.87,50.69,8.02
1305-P2,15,240.08,47.88,7.36
1305-P2,16,186.02,41.28,6.31
1305-P2,17,124.59,35.72,4.66
1305-P3,9,365.35,65.14,7.9
1305-P3,10,392.03,65.97,8.17
1305-P3,11,382.41,63.92,8.69
1305-P3,12,360.42,60.63,9.13
1305-P3,13,304.37,54.36,8.27
1305-P3,14,258.05,48.61,7.64
1305-P3,15,214.44,44.16,6.91
1305-P3,16,156.02,39.65,5.23
1305-P3,17,82.84,27.82,4.14
1345-P1,9,290.16,50.3,9.13
1345-P1,10,327.06,53.87,9.71
1345-P1,11,392.34,56.85,11.09
1345-P1,12,433.32,56.63,20.71
1345-P1,13,419.13,51.3,13.06
1345-P1,14,490.39,57.64,13.14
1345-P1,15,505.65,57.88,13.51
1345-P1,16,492.26,58.22,13.82
1345-P1,17,461.85,56.79,13.01
1345-P1,18,422.37,53.63,12.41
1345-P1,19,382.9,51.69,11.53
1345-P1,20,309.8,46.56,10.22
1345-P1,21,250.55,41.15,9.37
1345-P1,22,182.37,34.21,7.95
1345-P2,9,238.4,50.78,6.95
1345-P2,10,297.69,56.64,8.21
1345-P2,11,415.98,65.79,9.41
1345-P2,12,495.59,69.89,10.53
1345-P2,13,578.72,73.28,12.79
1345-P2,14,591.35,73.56,11.95
1345-P2,15,555.99,70.45,11.76
1345-P2,16,512.92,64.15,11.9
1345-P2,17,448.43,60,11.21
1345-P2,18,395.93,57.19,10.88
1345-P2,19,314.05,48.82,9.93
1345-P2,20,234.51,42.95,8.32
1345-P2,21,129.78,33.35,5.98
1345-P3,9,254.84,53.01,7.2
1345-P3,10,330.69,58.41,8.43
1345-P3,11,412,61.89,10.32
1345-P3,12,522.76,69.06,11.96
1345-P3,13,575.75,72.07,12.01
1345-P3,14,640.29,74.14,12.4
1345-P3,15,653.17,73.29,13.14
1345-P3,16,620.99,69.12,14.05
1345-P3,17,572.74,64.73,13.61
1345-P3,18,529.63,61.47,13.14
1345-P3,19,481.79,58.26,12.64
1345-P3,20,396.77,53.12,11.53
1345-P3,21,310.78,48.53,9.59
1345-P3,22,215.92,40.44,8.03
1347-P1,8,351.13,68.6,8.59
1347-P1,9,475.62,76.77,10.13
1347-P1,10,570.65,84.01,10.86
1347-P1,11,649.39,90.64,11.99
1347-P1,12,685.08,92.14,11.48
1347-P1,13,656.94,90.12,11.52
1347-P1,14,616.19,84.41,11.73
1347-P1,15,597.53,84.92,10.41
1347-P1,16,550.29,82.28,10.68
1347-P1,17,489.75,74.78,9.29
1347-P1,18,418.89,76.17,8.63
1347-P1,19,322.52,65.04,7.04
1347-P3,9,459.58,79.04,9.45
1347-P3,10,501.28,75.96,9.99
1347-P3,14,466.24,76.7,9.08
1347-P3,15,500.2,76.44,10.25
1347-P3,16,472.45,75.19,8.72
1347-P3,17,421.57,73.98,8.15
1347-P3,18,380.51,69.11,7.99
1347-P3,19,322.11,65.67,7.07
1347-P3,20,191.04,51.88,5.29
1348-P1,10,409.53,65.31,8.8
1348-P1,11,444.11,64.17,10.83
1348-P1,12,539.24,69.39,11.23
1348-P1,13,604.08,72.98,11.47
1348-P1,14,656.26,72.8,12.45
1348-P1,15,679.57,73.27,12.46
1348-P1,16,671.08,74.07,13.24
1348-P1,17,641.72,71.42,13.1
1348-P1,18,637.5,72.86,13.09
1348-P1,19,547.54,65.72,12.24
1348-P1,20,529.28,65.77,11.99
1348-P1,21,446.89,58.68,11.9
1348-P1,22,283.35,47.82,9.21
1348-P2,9,280.74,54.79,7.65
1348-P2,10,349.84,58.1,8.83
1348-P2,11,446.73,66.5,9.71
1348-P2,12,530.22,71.26,10.77
1348-P2,13,499.51,67.59,10.72
1348-P2,14,653.77,78.64,11.67
1348-P2,15,676.5,79.26,12.69
1348-P2,16,667.97,77.86,12.76
1348-P2,17,629.63,74.54,12.93
1348-P2,18,624.76,74.6,11.96
1348-P2,19,500.61,66.19,11.44
1348-P2,20,503.15,67.77,11.7
1348-P2,21,399.44,58.96,10.57
1348-P2,22,277.46,50.42,8.63
1348-P2,23,52.14,25.07,3.39
1348-P3,10,351.45,59.66,7.85
1348-P3,11,432.05,65.26,9.29
1348-P3,13,588.8,76.32,10.68
1348-P3,14,645.92,77.6,11.21
1348-P3,15,654.3,79.05,11.31
1348-P3,16,662.83,78.46,12.43
1348-P3,17,674.41,74.86,12.76
1348-P3,18,637.78,71.81,12.36
1348-P3,19,567.31,66.49,11.7
1348-P3,20,508.33,64.82,11.36
1348-P3,21,402.12,55.69,10.62
1348-P3,22,312.19,50.81,9.13
1348-P3,23,108.57,26.23,5.71
1354-P1,7,314.5,62.25,6.9
1354-P1,8,455.74,69.84,8.75
1354-P1,9,590.86,79.38,10.03
1354-P1,10,630.49,78.95,11.46
1354-P1,11,656.58,78.46,11.74
1354-P1,12,617.35,70.96,12.41
1354-P1,13,535.52,63.83,11.75
1354-P1,14,456.76,54.89,11.38
1354-P1,15,380.54,53.24,9.76
1354-P1,16,207.24,39.5,7.02
1354-P2,9,396.36,67.7,8.64
1354-P2,10,461.49,67.19,9.29
1354-P2,11,648.34,82.13,10.51
1354-P2,12,720.32,81.5,12.33
1354-P2,13,711.23,80.65,12.31
1354-P2,14,679.44,77.72,12.53
1354-P2,15,593.12,67.18,12.26
1354-P2,16,483.06,60.57,11.01
1354-P2,17,353.21,52.68,8.89
1354-P2,18,137.34,36.03,5.66
1354-P3,8,404.14,67.24,8.39
1354-P3,9,526.24,78.83,8.94
1354-P3,10,632.69,83.39,10.57
1354-P3,11,688.95,83.44,11.29
1354-P3,12,643.36,74.44,12.02
1354-P3,13,605.25,70.91,12.01
1354-P3,14,554.03,64.91,12.28
1354-P3,15,437.24,58.48,10.01
1354-P3,16,305.74,50.61,8.31
1354-P3,17,99.17,29.04,5.12
1346-P1,10,424.19,76.1,7.53
1346-P1,11,523.53,82.61,8.28
1346-P1,12,545.56,88.13,8.48
1346-P1,13,558.63,87,9.54
1346-P1,14,509.8,82.86,9.55
1346-P1,15,525.46,74.51,10.5
1346-P1,16,449.21,68.32,10.22
1346-P1,17,423.65,61.76,10.68
1346-P1,18,358.72,55.38,9.42
1346-P1,19,301.24,48.19,8.64
1346-P1,20,176.39,36.72,6.93
1346-P1,21,73.07,20,5.22
1346-P2,10,508.19,79.16,9.02
1346-P2,11,587.57,82.92,9.92
1346-P2,12,605.48,84.05,10.57
1346-P2,13,634.12,83.69,11.22
1346-P2,14,607.12,82.05,11.4
1346-P2,15,585.81,75.48,11.73
1346-P2,16,544.73,69.66,12.34
1346-P2,17,486.05,63.73,12.1
1346-P2,18,412.28,55.98,10.74
1346-P2,19,327.64,48.28,10.25
1346-P2,20,202.26,40.42,8.06
1346-P2,21,146.75,31.66,7.32
1344-P1,10,298.06,60.7,7.02
1344-P1,11,386.19,70.02,7.81
1344-P1,12,448.08,76.54,8.18
1344-P1,13,506.36,81.92,8.53
1344-P1,14,499.39,79.99,8.6
1344-P1,15,552,81.8,9.22
1344-P1,16,547.33,78.31,9.33
1344-P1,17,519.45,77.18,9.35
1344-P1,18,475.97,72.32,8.76
1344-P1,19,455.07,71.15,8.83
1344-P1,20,385.7,67.45,8.19
1344-P1,21,266.04,53.69,7.49
1344-P1,22,168.05,37.94,5.79
1344-P2,8,267.12,54.68,6.99
1344-P2,9,357.67,61.24,7.4
1344-P2,10,445.77,68.27,8.24
1344-P2,11,514.08,75.93,9.13
1344-P2,12,568.3,83.92,9.34
1344-P2,13,609.06,81.59,9.34
1344-P2,14,603.84,86.34,9.1
1344-P2,15,558.13,79.83,9.12
1344-P2,16,536.91,80.31,9.34
1344-P2,17,497.68,73.39,9.13
1344-P2,18,455.95,71.84,8.89
1344-P2,19,378.43,65.1,8.36
1344-P2,20,302.4,56.35,7.63
1344-P2,21,172.49,44.76,5.71
1344-P2,22,55.97,21.02,3.68
1344-P3,9,366.26,61.3,7.4
1344-P3,10,468.96,72.85,8.39
1344-P3,11,551.78,83.59,9.26
1344-P3,12,582.51,85.59,9.66
1344-P3,13,628.6,89.2,9.93
1344-P3,14,605.63,86.09,9.58
1344-P3,15,570.83,82.7,9.51
1344-P3,16,516.71,75.99,9.41
1344-P3,17,424.54,67.53,9.17
1344-P3,18,415.03,66.23,9.04
1344-P3,19,358.85,63.24,8.3
1344-P3,20,266.68,51.45,7.26
1344-P3,21,153.29,43.83,5.3
1350-P1,9,432.97,71.01,8.18
1350-P1,10,479.81,67.26,9.39
1350-P1,11,460.39,63.95,9.46
1350-P1,12,419.15,59.62,9.26
1350-P1,13,377.57,53.35,8.96
1350-P1,14,404.58,56.74,9.23
1350-P1,15,397.76,57.71,9.18
1350-P1,16,302.46,55.01,7.37
1350-P1,17,205.81,48.04,6.6
1350-P1,18,75.77,38.18,2.86
1350-P2,8,312.57,64.51,6.52
1350-P2,9,440.04,75.65,7.81
1350-P2,10,580.04,87.41,8.76
1350-P2,11,601.48,80.49,10.82
1350-P2,12,728.35,90.17,11.36
1350-P2,13,652.84,80.9,11.58
1350-P2,14,666.25,84.65,11.34
1350-P2,15,568.64,77.46,10.76
1350-P2,16,518.55,71.53,10.22
1350-P2,17,435.75,64.95,10.1
1350-P2,18,292.53,55.94,7.73
1350-P2,19,124.45,37.31,4.92
1350-P3,8,392.03,71.37,7.15
1350-P3,9,519.67,78.25,8.53
1350-P3,10,615.65,89.45,9.58
1350-P3,11,739.87,91.89,11.33
1350-P3,12,748.4,94.08,11.23
1350-P3,13,703.85,86.89,11.17
1350-P3,14,597.12,79.42,10.75
1350-P3,15,546.83,71.31,10.62
1350-P3,16,438.19,66.87,9.85
1350-P3,17,333.98,58.58,7.77
1350-P3,18,215.06,46.21,6.93
1350-P3,19,98.34,30.47,5.2
1351-P1,9,262.13,60.17,6.33
1351-P1,10,419.5,75.39,7.74
1351-P1,11,529.37,85.19,8.84
1351-P1,12,590.5,90.94,8.94
1351-P1,13,622.95,92.81,9.58
1351-P1,14,595.58,88.64,9.76
1351-P1,15,549.49,78.97,9.8
1351-P1,16,464.17,73.16,8.6
1351-P1,17,362.74,68.11,7.68
1351-P1,18,320.19,61.61,6.79
1351-P1,19,189.84,50.51,5.08
1351-P2,10,396.59,68.64,8.34
1351-P2,11,529.15,77.93,9.47
1351-P2,12,615.31,84.36,10.16
1351-P2,13,641.73,86.7,10.22
1351-P2,14,613.41,85.55,10.7
1351-P2,15,601.67,82.09,11.13
1351-P2,16,556.72,78.51,10.22
1351-P2,17,390.08,71.91,8.31
1351-P2,18,386.95,64.82,8.38
1351-P2,19,270.55,58.06,7.28
1351-P2,20,152.45,42.08,5.21
1351-P3,9,371.31,68.3,7.45
1351-P3,10,487.3,69.5,9.3
1351-P3,11,595.27,85.12,10.7
1351-P3,12,639.16,86.56,10.8
1351-P3,13,655.21,88.12,10.92
1351-P3,14,653.04,85.16,11.15
1351-P3,15,574.73,81.87,10.13
1351-P3,16,540.73,81.58,9.23
1351-P3,17,445.83,74.35,9.13
1351-P3,18,263.64,58.83,8.18
1351-P3,19,48.32,28.03,2.74
1356-P1,10,377.81,62.2,7.89
1356-P1,11,484.87,72.1,9.26
1356-P1,12,525.04,76.15,9.62
1356-P1,13,528.55,76.01,9.92
1356-P1,14,469.06,70.42,9.22
1356-P1,15,404.31,63.75,8.86
1356-P1,16,353.28,58.55,8.21
1356-P1,17,266.89,51.94,7.2
1356-P1,18,215.75,46.63,6.69
1356-P1,19,115.23,33.28,5.71
1356-P2,12,510.45,79.04,8.89
1356-P2,13,552.47,79.51,9.83
1356-P2,14,525.05,75.03,9.49
1356-P2,15,503.72,73.58,9.22
1356-P2,16,429.29,67.55,8.67
1356-P2,17,369.37,62.55,8.31
1356-P2,18,282.22,55.35,7.24
1356-P2,19,149.93,40.59,5.65
1356-P3,11,427.89,66.03,8.94
1356-P3,12,499.71,72.19,9.46
1356-P3,13,500.29,70.88,10
1356-P3,14,506.59,71.94,9.71
1356-P3,15,470.54,68.37,9.41
1356-P3,16,399.96,64.93,8.68
1356-P3,17,351.95,58.56,8.1
1356-P3,18,272.74,53.03,7.41
1356-P3,19,148.24,39.52,5.88
1365-P1,12,478.78,67.86,10.45
1365-P1,13,571.77,71.75,11.15
1365-P1,14,597.42,73.55,11.44
1365-P1,15,591.56,74.94,11
1365-P1,16,559.98,73.5,11
1365-P1,17,496.47,70.93,9.88
1365-P1,18,438.9,64.55,9.84
1365-P1,19,335.22,59.08,8.23
1365-P1,20,177.73,43.46,6.38
1365-P2,12,418.92,67.08,9.41
1365-P2,13,504.45,73.84,10.08
1365-P2,14,503.47,71.7,9.55
1365-P2,15,470.01,68.32,9.1
1365-P2,16,429.28,65.36,9.06
1365-P2,17,369.31,60.9,8.35
1365-P2,18,307.88,55.1,7.85
1365-P2,19,223.99,48.25,6.98
1365-P2,20,111.46,32.44,5.34
1365-P3,11,403.25,65.99,9.56
1365-P3,12,489.06,69.04,10.49
1365-P3,13,574.57,73.58,11.73
1365-P3,14,601.84,74.08,11.74
1365-P3,15,566.67,69.75,11.48
1365-P3,16,553.79,69.9,11.27
1365-P3,17,492.06,67.48,10.51
1365-P3,18,420.3,63.09,9.58
1365-P3,19,317.31,55.8,8.05
1365-P3,20,169.45,39.54,6.61
1368-P1,10,481.11,74.66,8.85
1368-P1,11,607.04,89.06,9.3
1368-P1,12,657.56,90.49,9.88
1368-P1,13,670.15,89.79,11
1368-P1,14,653.31,88.22,10.55
1368-P1,15,601.89,83.23,10.14
1368-P1,16,513.13,73.54,9.27
1368-P1,17,420.81,67.95,8.6
1368-P1,18,320.78,59.95,7.39
1368-P1,19,230.77,48.37,6.69
1368-P1,20,86.94,30.45,4.39
1368-P2,9,350.29,66.09,7.08
1368-P2,10,480.49,76.63,8.19
1368-P2,11,580.09,79.81,9.6
1368-P2,12,625.33,87.57,9.72
1368-P2,13,632.18,87.78,10.28
1368-P2,14,583.11,81.9,10.37
1368-P2,15,524.71,74.08,9.82
1368-P2,16,395.9,68.24,8.12
1368-P2,17,345.52,60.9,7.66
1368-P2,18,253.4,49.44,7
1368-P2,19,128.94,36.82,5.33
1368-P3,10,423.6,75.03,7.69
1368-P3,11,497.81,82.28,7.98
1368-P3,12,563.86,86.35,9.02
1368-P3,13,575.18,87.48,9.02
1368-P3,14,560.44,84.79,10.29
1368-P3,15,504.99,79.05,8.85
1368-P3,16,435.89,69.36,8.61
1368-P3,17,356.79,62.45,7.32
1368-P3,18,284.78,54.9,6.64
1368-P3,19,194.8,45.06,5.86
1368-P3,20,64.64,25.44,3.54
1364-P1,9,519.41,71.29,9.66
1364-P1,10,634.64,75.52,11.23
1364-P1,11,670.6,74.46,12.72
1364-P1,12,651.3,72.92,12.72
1364-P1,13,568.55,68.19,12.47
1364-P1,14,496.31,65.93,11.07
1364-P1,15,462.91,61.98,10.54
1364-P1,16,397.19,57.38,9.66
1364-P1,17,308.75,53.74,8.63
1364-P1,18,194.02,41.75,5.76
1364-P1,19,101.7,28.44,4.88
1364-P2,8,440.61,72.14,8.47
1364-P2,9,536,77.17,9.88
1364-P2,10,625.56,78.93,10.89
1364-P2,11,703.59,82.54,12.22
1364-P2,12,687.47,76.86,12.48
1364-P2,13,644.9,73.18,12.06
1364-P2,14,578.81,71.51,11.66
1364-P2,15,528.82,64.89,10.91
1364-P2,16,462.36,62.49,10.83
1364-P2,17,370.24,56.09,9.1
1364-P2,18,240.79,48.08,6.73
1364-P2,19,103.11,31.99,4.39
1364-P3,8,352.24,61.18,7.93
1364-P3,9,471.93,73.36,8.56
1364-P3,10,585.94,77.61,10.3
1364-P3,11,631.56,81.05,10.67
1364-P3,12,637.31,79.3,10.9
1364-P3,13,583.26,74.69,10.59
1364-P3,14,528.19,68.31,10.62
1364-P3,15,481.67,66.03,10
1364-P3,16,396.12,58.9,9.41
1364-P3,17,335.2,55.12,8.48
1364-P3,18,195.92,46.46,6.04
1364-P3,19,94.59,27.21,4.87
1373-P1,10,480.61,62.77,9.7
1373-P1,11,607.22,77.19,10.59
1373-P1,12,654.86,83.62,11.37
1373-P1,13,593.24,76.55,11.58
1373-P1,14,578.65,76.27,12.8
1373-P1,15,493.12,63.49,11.09
1373-P1,16,472.58,61.2,11.61
1373-P1,17,389.63,50.49,11.12
1373-P1,18,395.17,51.81,11.06
1373-P1,19,301.94,45.01,9.72
1373-P1,20,209.96,38.43,7.69
1373-P1,21,77.6,18.94,4.96
1373-P2,10,464.25,77.86,8.7
1373-P2,11,555.61,81.12,9.87
1373-P2,12,584.35,78.28,11.23
1373-P2,13,578.79,75.26,11.27
1373-P2,14,511.39,69.29,10.88
1373-P2,15,368.62,52.9,12.17
1373-P2,16,386.39,50.89,11.43
1373-P2,17,372.07,48.14,11.87
1373-P2,18,331.7,44.96,10.8
1373-P2,19,260.76,38.49,10.71
1373-P2,20,235.6,38.29,8.65
1373-P2,21,128.43,27.27,6.95
1373-P2,22,41.61,13.72,6.23
1373-P3,11,471.66,75.34,9.27
1373-P3,12,545.01,79.81,10.17
1373-P3,13,495.11,69.88,10.14
1373-P3,14,460.91,64.31,10.7
1373-P3,15,391.38,55.23,11.07
1373-P3,16,396.16,51.49,11.7
1373-P3,17,421,59.29,10.34
1373-P3,18,408.14,54.21,10.73
1373-P3,19,306.38,49.01,9.1
1373-P3,20,213.12,40.24,8.3
1373-P3,21,140.64,30.44,7.57
1373-P3,22,60.83,16.31,5.17
1357-P1,11,376.95,55.79,11.75
1357-P1,12,436.13,61.04,11.37
1357-P1,13,483.22,65.95,11.57
1357-P1,14,412.37,60.21,11.08
1357-P1,15,329.58,52.41,10.88
1357-P1,16,308.01,51.96,10.47
1357-P1,17,288.1,50.24,9.78
1357-P1,18,343.95,56.8,8.59
1357-P1,19,234.66,47.35,7.53
1357-P2,11,551.82,72.33,11.65
1357-P2,12,480.9,63.85,12.07
1357-P2,13,481.4,64.7,11.81
1357-P2,14,484.14,66.63,10.79
1357-P2,15,471.33,66.19,10.24
1357-P2,16,443.92,59.99,10.14
1357-P2,17,354.55,55.34,9.09
1357-P2,18,259.12,47.16,8.17
1357-P2,19,147.39,36.94,5.87
1357-P3,11,618.08,85.85,10.5
1357-P3,12,650.6,85.48,11.16
1357-P3,13,541.08,72.47,11.44
1357-P3,14,504.19,68.36,10.83
1357-P3,15,531.72,72.82,10.74
1357-P3,16,446.88,62.2,10.05
1357-P3,17,222.49,41.46,9.45
1357-P3,18,223.56,43.28,7.96
1357-P3,19,218.32,43.68,7.12
1357-P3,20,118.89,31.53,5.55
1380-P1,10,346.63,62.03,8.17
1380-P1,11,389.51,67.42,8.46
1380-P1,12,504.33,76.57,8.97
1380-P1,13,476.2,77.98,8.39
1380-P1,14,280.01,52.21,8.46
1380-P1,15,413.69,73.91,8.27
1380-P1,16,305.68,65.68,6.87
1380-P1,17,305.45,65.48,6.75
1380-P1,18,237.86,59.23,6.05
1380-P1,19,182.94,54,7.84
1380-P1,20,118.86,43.35,6.42
1380-P2,9,319.59,61.1,7.77
1380-P2,10,331.66,59.3,8.35
1380-P2,11,467.94,67.45,9.26
1380-P2,12,353.73,59.75,9.57
1380-P2,13,305.58,54.51,8.88
1380-P2,14,465.41,71.28,9.17
1380-P2,15,249,47.22,8.59
1380-P2,16,365.32,65.13,7.99
1380-P2,17,320.82,62.82,7.52
1380-P2,18,191.58,43.4,7.18
1380-P2,19,207.56,53.05,5.76
1380-P2,20,125.43,43.56,8.97
1380-P3,11,263.89,48.92,8.75
1380-P3,12,610.69,91.03,9.26
1380-P3,13,445.06,71.71,9.19
1380-P3,14,327.82,57.79,8.81
1380-P3,15,300.41,56.39,8.44
1380-P3,16,420.42,74,7.6
1380-P3,17,383.66,72.85,7.43
1380-P3,18,317.84,64.87,6.85
1380-P3,19,273.61,65.68,6.99
1380-P3,20,189.35,57.99,4.7
1380-P3,21,95.65,40.53,3.42
1377-P1,9,301.8,56.84,7.06
1377-P1,10,396.26,67.78,8.35
1377-P1,11,332.83,51.1,23.89
1377-P1,12,392.79,54.98,10.24
1377-P1,13,458.83,65.06,10.91
1377-P1,14,368.23,54.71,11.32
1377-P1,15,325.13,48.3,11.17
1377-P1,16,455.42,60.58,11.87
1377-P1,17,382.41,51.71,14.26
1377-P1,18,409.68,57.45,10.71
1377-P1,19,379.25,53.04,9.74
1377-P1,20,286.5,43.9,9.06
1377-P1,21,109.16,28.24,5.83
1377-P2,10,240.79,49.25,7.45
1377-P2,11,386.57,67.24,7.81
1377-P2,12,316.41,53.65,8.48
1377-P2,13,358.51,60.38,10.07
1377-P2,14,361.92,58.83,9.43
1377-P2,15,430.11,65.51,10.71
1377-P2,16,359.29,56.38,9.99
1377-P2,17,269.98,44.42,9.52
1377-P2,18,357.57,55.73,9.08
1377-P2,19,294.11,46.92,8.65
1377-P2,20,239.93,48.29,7.73
1377-P2,21,159.84,39.76,6.15
1377-P2,22,74.96,25.41,4.74
1377-P3,10,389.98,63.17,8.47
1377-P3,11,298.44,49.27,9.48
1377-P3,12,441.12,65.17,10.37
1377-P3,13,417.79,60.43,10.54
1377-P3,14,358.5,52.93,10.7
1377-P3,15,272.35,42.06,11.88
1377-P3,16,286.5,44.42,12.44
1377-P3,17,411.31,56.08,12.72
1377-P3,18,354.93,50.56,10.05
1377-P3,19,267.8,45.91,10.34
1377-P3,20,370.79,53.06,10.53
1377-P3,21,334.11,49.98,9.55
1377-P3,22,255.4,45.34,9.84
1377-P3,23,123.57,31.2,6
1375-P1,10,450.09,60.41,10.59
1375-P1,11,559.24,77.04,10.58
1375-P1,12,657.56,79.17,11.19
1375-P1,13,468.61,67.01,10.96
1375-P1,14,444.79,61.86,10.59
1375-P1,15,521.02,69.3,10.63
1375-P1,16,386.44,55.95,10.2
1375-P1,17,375.84,60.28,9.13
1375-P1,18,283.71,51.79,8.27
1375-P1,19,189.73,43.53,6.53
1375-P1,20,46.95,20.65,8.17
1375-P2,11,371.94,49.18,10.05
1375-P2,12,575.42,75.82,11.66
1375-P2,13,351.08,56.65,10.98
1375-P2,14,508.96,73.01,11
1375-P2,15,413.02,63.58,10.49
1375-P2,16,458.33,65.46,10.47
1375-P2,17,364.89,60.24,9.22
1375-P2,18,267.98,48.72,8.34
1375-P2,19,199.27,44.57,6.83
1375-P2,20,87.38,29.53,4.62
1375-P3,10,560.92,75.14,11.2
1375-P3,11,502.28,70.01,11.7
1375-P3,12,466.16,65.04,12.53
1375-P3,13,578.17,77.11,12.39
1375-P3,14,530.88,71.14,11.4
1375-P3,15,474.33,68.88,11.15
1375-P3,16,489.75,67.82,10.7
1375-P3,17,382.22,57.74,9.92
1375-P3,18,343.18,54.78,9.34
1375-P3,19,238.97,47.02,7.45
1375-P3,20,104.21,32.89,4.76